rfi_number,project,trade,co_amount,current_score,applicability,actionability,root_cause_clarity,specific_action,summary,flag,question_text
RFI-54,CoreSite Data Center,"architectural, electrical",15807369.0,4,broad,high,clear,"Implement a more rigorous clash detection process during the design phase, including detailed review",The clash between the proposed furred wall and existing conduits led to a costly change order due to,,"There is a furred wall at Storage 235 intended to hide the existing bus duct and multiple existing conduit risers. However, the current dimensions of the furred wall clash with these existing conduits. Reference Newforma Issues 114, 134. For the wall segment running E-W (highlighted in blue on the a"
RFI-52,CoreSite Data Center,electrical,13229900.0,4,broad,high,clear,Implement a more rigorous design review process that includes clash detection and coordination meeti,"The RFI revealed a significant coordination failure in the design of light fixtures, resulting in a ",,"CYCLE 1: 6/24/25: Per 6/18 DPR/Design Teams breakout call, F05 light fixtures in Corridor 260 and 260A are to be swapped to F04 lights. See referenced markup for new proposed light fixture layout. -- F05 light fixtures in Corridor 260 and Corridor 262 at location and elevation provided in Electrical"
RFI-43,CoreSite Data Center,mechanical,5753119.0,4,broad,high,clear,"Implement a more rigorous review process for design changes that involve mechanical installations, e",The relocation of the air separator due to design changes led to a costly change order due to poor c,,Cycle 1 - 7/22/25: The updated reference markup was changed to move the air separator equipment further plan-south to avoid obstructions with phase 4 installations at the mechanical yard per design team request on 7/11. This air separator equipment location was provided to the design team on 7/16 vi
RFI-21,Intuitive Surgical MOB,electrical,4058394.0,4,broad,high,clear,Implement a standardized review process for electrical layouts against furniture plans during the de,The RFI revealed a costly coordination failure between electrical device layouts and furniture place,,"Please verify device layout as represented on the electrical drawings will be acceptable to scale for installation and that furniture will match as represented on the permit drawings. If not, please provide dimensioned layout for devices at preferred installation location."
RFI-78.1,CoreSite Data Center,security,2994765.0,4,broad,high,clear,Implement a more rigorous design review process that includes all relevant stakeholders to ensure cl,"The RFI revealed a significant oversight in the design review process, leading to a costly change or",,The CCTV and access control rough-in plans developed by CEI and submitted to PSG/CoreSite review per RFI 78 as not accepted. CoreSite has since shared an updated rough-in plan. See the referenced attachment for CoreSite's rough-in plan with CEI comments for PSG/CoreSite confirmation. Suggested answe
RFI-125,CoreSite Data Center,"electrical, architectural",2988703.0,4,broad,high,clear,Implement a more rigorous review process for clearance requirements during the design phase to ensur,"The costly issue arose from inadequate design considerations for RPP clearance requirements, leading",,"1) As discussed with CoreSite, 8/20/2025, please confirm we are to proceed with splitting the RPPs at 4MW (415V) and 5MW (208V). This would give us 80 (208V) RPPs, and 32 (415V) RPPs 2) Provide a markup of the attached RPP layout to show what RPPs are to be removed, and which ones will change to 415"
RFI-140,CoreSite Data Center,electrical,2988703.0,4,broad,high,clear,Implement a standardized checklist for door hardware power requirements during the design phase.,The lack of clarity in door hardware power requirements led to a costly change order due to coordina,,"CEI is requesting clarification regarding the door hardware power requirements. Specifically, we need a confirmed list of all door numbers that will require line voltage power supplied above the door header to accommodate the specified hardware. Suggested answer Please confirm which doors are to rec"
RFI-76,CoreSite Data Center,drywall,1219303.0,5,,high,,Ensure all wall terminations comply with fire rating requirements and update construction details ac,The RFI highlights a critical fire safety compliance issue that requires immediate attention to prev,,"Per 7/7 Workshop, DPR requested a termination detail for the East end of UPS Room walls running E-W. Corgan confirmed that these walls will need to run to interior face of exterior walls to maintain required fire rating instead of terminating at existing drywall. This includes wall separating UPS Ro"
RFI-48,CoreSite Data Center,,1219303.0,4,broad,high,clear,Implement a thorough review process for plumbing and mechanical systems during the design phase to e,The need for a furred wall to cover exposed roof drainage pipes resulted from inadequate design coor,,"There are existing roof drainage pipes protruding through the wall into office 240, see referenced Newforma Issue #185 for reference. Per 6/12 BIM call, Corgan's direction is to implement a furred wall to cover the exposed plumbing as tight to the pipes as possible. Suggested answer Corgan, please c"
RFI-0618,Southline Office,,687762.0,4,broad,high,clear,Implement a thorough review process for scope definitions and interstitial requirements during the d,"The RFI resulted from unclear scope definitions regarding vapor mitigation, leading to a costly chan",,"Reference: VM1.02, VM 1.03, A2.01S Q1: Please confirm that the ""Second Stage"" is defined as area in yellow shown on VM1.03, as there is interstitial fill through the entirety of the SOG. Q2: Please confirm that the Vapor Barrier that is part of the ""Second Stage"" is to be installed as part of the Te"
RFI-0968,Southline Office,,510169.0,4,broad,high,clear,Implement a comprehensive review process for architectural and structural plans during the design ph,"The RFI revealed critical discrepancies between architectural and structural plans, leading to a cos",,"Reference: A2.07, A2.07S, A8.11 Detail 14, A4.04 Detail 2, RFI 0712 Q1: The north penthouse curb and framing are not aligning due to architectural and slab plan discrepancies. Where the framing extends 5"" off of the interior curb, please confirm it is acceptable to demo this curb and pour it in the "
RFI-0672,Southline Office,curtainwall,494778.0,4,broad,high,clear,Implement a standardized review process for design documents that includes cross-discipline checks f,The RFI regarding the bird frit treatment on exterior glazing resulted in a costly change order due ,,"Ref: ASK-500 Per previous coordination, please confirm the attached documents clarify the extent of the bird frit treatment on the exterior glazing for B1."
RFI-1651.2,Southline Office,"architectural, civil_site, landscaping",474694.0,4,broad,high,clear,Implement a review process for all custom components and materials during the design phase to ensure,"The RFI revealed critical issues with non-standard components that void warranties, leading to a cos",,"REF: Site - Offsite Current Set: L1.10, S0.01 POST TO: Site - Offsite Current Set: L1.10, S0.01 Please review the attached file. 1) RFI 1651.1 for Omega 2 Fence shows 1.75x1.75"" 'rub bars' installed along length of fence above block wall. These are not standard parts and modification of the fence wi"
RFI-1651,Southline Office,"architectural, landscaping, structural",474694.0,4,broad,high,clear,Implement a more rigorous cross-discipline review process during the design phase to ensure all trad,The RFI highlights a costly coordination failure between trades that resulted in a significant chang,,"REF: Site - Offsite Current Set: L1.10, 6/S0.01, 7/S0.01 POST TO: Site - Offsite Current Set: L1.10, 6/S0.01, 7/S0.01 Please review the attached file and provide responses to Items 1 and 2 per BrightView's RFI #019."
RFI-1521,Southline Office,,439635.0,4,broad,high,clear,Implement a thorough utility coordination review during the design phase to ensure all existing util,The costly issue arose from inadequate coordination of existing utilities with the lime treatment re,,"Reference Drawing: Offsite C4.3 Requesting clarification or alternate details where lime treatment cannot occur offsite due to existing utilities. Mixers need 1' minimum clearance between bottom of treatment area & existing utilities for lime treatment, therefore no existing utilities can be within "
RFI-1531,Southline Office,architectural,306156.0,4,broad,high,clear,Implement a checklist for design reviews that includes paint specifications and other critical detai,The lack of clarity in paint specifications for the loading dock led to a costly change order due to,,Reference: SLP1 - RFI 1531 - PSD Loading Dock Paint Confirmation Sheet A4.05 Marked Up Picture in Sheet A4.05 Background: The current design did not clarify any paint to be installed in the loading dock. Question 1: Please confirm the extents of the additional paint in the loading dock as shown in t
RFI-1268,Southline Office,,301656.0,4,broad,high,clear,Implement a more rigorous design review process that includes checks for compliance with seismic req,The failure to comply with seismic rebar spacing requirements during the design phase led to a costl,,"Reference: SLP1 - RFI1268 - PSD Floor Boundary Remediation Confirmation Sheet A2.01 Background: An alternate rebar configuration for the inner, horizontal ties at these eight(8) boundaries were proposed during the shop drawing process. While the initial calculations proved to satisfy the structural "
RFI-0069,Southline Office,structural,294704.0,4,broad,high,clear,Implement a more rigorous design review process that includes cross-discipline coordination meetings,"The costly issue arose from a lack of coordination between structural and fire protection designs, r",,"Ref: FP1.01 (95% CD drawing dated 08.26.22) There's a minimum clearance required above the unit substation in electrical substation room,. Therefore the fire protection lines need to be within the beam pocket to avoid running within the required clearance zone. Please confirm that the beam penetrati"
RFI-0202.1,Southline Office,,272789.0,N/A,,,,,,UNDERSCORE?,B1 Housekeeping Pad for Electrical Equipment
RFI-0197,Southline Office,concrete,272789.0,4,broad,high,clear,Implement a thorough review process for material specifications and compaction requirements during t,The RFI regarding backfill material and concrete mix for the manlift pad resulted in a costly change,,"As discussed with Cornerstone Earth group (Nick Devlin) regarding the backfill material for the Manlift pad, please confirm the following: 1) Per drawing MH1-01-2.1, 95% soil compaction is required under the manlift (See page 3 highlighted in red). Please confirm usage of CDF fill is acceptable in l"
RFI-55,Intuitive Surgical MOB,curtainwall,271798.0,4,broad,high,clear,Implement a comprehensive design review checklist that includes verification of all critical compone,The failure to install existing mullion covers due to oversight in design documentation resulted in ,,Existing Mullion Covers Not Installed
RFI-0720,Southline Office,,254725.0,N/A,,,,,,UNDERSCORE?,"Reference: Onsite Drawings C4.3 Per email conversation with BKF Engineer (Ming Zhang). Confirm that the 6"" RPPA will be downsized to 4"" RPPA. See attached for callout. References Files (1) Onsite - B7 BFP Size Change Confirmation.pdf"
RFI-0100,Southline Office,"concrete, structural, plumbing",227483.0,N/A,,,,,,UNDERSCORE?,Ref: P3.03 (dated 10.28.22) The sand oil interceptor in building 1 needs a blockout in the mat slab in order to be installed after the concrete pour. Please see the attached sketch showing the location/dimension of this blockout. 1. Please provide the structural detail for the block out. 2. Please p
RFI-2119,Southline Office,,226523.0,5,broad,high,clear,Implement a weather barrier or enclosure for elevator lobbies in similar designs.,"The lack of a weather barrier in the elevator lobby led to significant water intrusion, necessitatin",,"Elevator lobby on tier 6 is not sectioned off from the exterior. In a wind-driven rain event, depending on the direction of the rain, it can enter the elevator lobby area. There is no barrier between the elevator and the elements. In rain event on 2.4.25, rain was pushed into the elevator lobby. See"
RFI-2,Silicon Valley Office,,215946.0,4,broad,high,clear,Implement a more rigorous design review process to ensure all necessary details are included in fabr,The omission of doubler plate details in the design documents resulted in a costly change order due ,,Ref: Attached file GPLA SSK_A02_DoublerPlate on Gusset_REV24-02-14.pdf Doubler plates as shown in Detail 8/PK2-S5.3.1 per PCR #2 and Bulletin #3 were not called out in previously issued fabrication erection drawings. Please confirm that this detail applies at all in-plane braces on Level 2 and Level
RFI-1494.1,Southline Office,landscaping,212962.0,4.5,category_specific,medium,clear,Ensure percolation testing is included in site drainage planning for future projects.,The RFI emphasizes the importance of percolation testing for effective site drainage management.,,"REF: RFI 1494, Site - Onsite Current Set: 4, 5, 9, 20/L8.10 POST TO: Site - Onsite Current Set: L8.10 Per constructability meeting on 4/16/24 between BrightView, DES and DPR, DES will provide a sketch denoting which locations on site will require percolation testing for tree drainage. Please provide"
RFI-115,Silicon Valley Office,,210975.0,4,broad,high,clear,"Implement a thorough review process of existing site conditions during the design phase, including s",The need to adjust the storm drainage design due to unverified existing conditions led to a costly c,,"Ref: Attached RFI-115 Markup Revision 11/21/24; At the marked location, (E) SD Invert sits lower than (N) SD Invert. In order to address field conditions of (E) SD pipe invert, please confirm it is acceptable to install a 36""x36"" SDMH with non-grated cover in lieu of the SDMH called out in 4/C10.4. "
RFI-0756,Southline Office,exterior_envelope,206565.0,N/A,,,,,,UNDERSCORE?,Ref: SLP1 - 4062-054000-2 B1 Exterior Framing Deferred Submittal There are multiple locations where the curtainwall embed at edge of slab is conflicting with the unistrut for the prefabricated exterior framing panel clip attachments. At these locations the unistrut will be shorter than the width of 
RFI-89.1,Intuitive Surgical MOB,architectural,194849.0,4,broad,high,clear,Implement a thorough review process for flooring transitions and drainage details during the design ,"The RFI resulted from unclear design specifications regarding flooring transitions, leading to a cos",,"Reference: Floor Plans 1-5/A2.11-A2.15 & Attached Pictures Question 1: As discussed on our check-in meeting on 9/16, please confirm if Schluter transition across whole opening at side doors is acceptable. Question 2: Provide direction on flooring slope around drinking fountains."
RFI-6,Silicon Valley Office,structural,177121.0,4,broad,high,clear,Implement a thorough review process for structural details in design documents to ensure all necessa,The lack of detailed structural infill specifications in the design led to a costly change order due,,"Ref: A2.0.2, S1.4A, S1.4B, attached Rev1 file under References; Questions: 1) The architectural edge-of-slab drawings, PK2-A2.0.2, call out the shaded areas at the Southwest and Southeast corners of the office tower as new concrete. There are no structural details provided for these existing, open a"
RFI-52.2,Silicon Valley Office,,175614.0,4,broad,high,clear,Implement a more rigorous design review process that includes detailed coordination meetings among a,The RFI regarding beam penetration at joint locations led to a costly change order due to design ove,,Beam Penetration at Joint Locations (EIFS APPLICATION)
RFI-1494,Southline Office,landscaping,164022.0,4.5,category_specific,high,clear,Ensure that all landscaping drainage systems are clearly integrated into utility plans during the de,This RFI highlights the need for better coordination between landscaping and utility plans to preven,,"REF: Site - Onsite Current Set: L8.10, C4.0, C4.1 POST TO: Site - Onsite Current Set: L8.10, C4.0, C4.1 Please review the attached file. Tree planting details 5, 10, 20/L8.10 all show a perforated pipe to be used for tree subdrainage. Utility plans C4.0-C4.1 and fine grading plans L2.10-L2.40 do not"
RFI-1206,Southline Office,,162280.0,N/A,,,,,,UNDERSCORE?,"Reference: SLP1 - RFI1206 - B1 Gen. Yard CMU Added Joints Confirmation Sheet A1.02 Background: The client has now selected on a generator to be procured for the TI. From discussions between, PMA, DES, and DPR, there will need to be updated design for the size of the current depicted Tenant Generator"
RFI-1617,Southline Office,"landscaping, concrete",156948.0,3,narrow,medium,partial,Ensure clear documentation of expansion joint locations in future designs.,This RFI highlights a routine coordination issue regarding the placement of expansion joints and ska,UNDERSCORE?,"REF: Site - B2 Current Set: L1.11A POST TO: Site - B2 Current Set: L1.11A Per coordination with DES, please provide the location of expansion joints and skate deterrents on the B2 walls and curbs."
RFI-0849,Southline Office,,151450.0,N/A,,,,,,UNDERSCORE?,"Reference Drawing: Offsite C6.8 Per Offsite Drawing C6.8 DPR is to install an 8"" Storm Drain lateral along Tanforan. Currently, the storm drain lateral is in conflict with an existing PG&E power pole. Please provide direction for one of the following: Option 1: If Storm drain line is to be relocated"
RFI-0248,Southline Office,,150727.0,N/A,,,,,,UNDERSCORE?,Ref: SK#134.1A Q1: Please confirm the attached markup for the beams at the northernmost window washing davit per coordination in the Structural Steel meetig 2/16/23. Q2: Please advise on the W14x22 beam location at grid K.
RFI-0585.1,Southline Office,"civil_site, landscaping",147947.0,4,category_specific,medium,partial,Ensure all equipment and piping meet reclaimed water standards in future projects.,Clarification on reclaimed water irrigation scope is essential for compliance and future project con,,"REF: BLDGOFF L3.20, RFI 0585 Offsite - Existing Reclaimed Water Irrigation Clarification RFI 0585 Offsite - Existing Reclaimed Water Irrigation Clarification confirmed that irrigation lines connected to the existing SSF water meter are to be purple pipes to accommodate reclaimed water. However, addi"
RFI-0585,Southline Office,,147947.0,N/A,,,,,,UNDERSCORE?,"REF: BLDGOFF L3.20 L3.20 calls for the offsite irrigation lines to be tied into existing SSF and Bart Irrigation systems. In the field, some of these existing systems are composed of purple irrigation boxes indicating non-potable or reclaimed water. Please confirm whether or not the pictured irrigat"
RFI-1875,Southline Office,"architectural, concrete, landscaping",145002.0,N/A,,,,,,UNDERSCORE?,"REF: Site - B2 Current Set: L2.10A POST TO: Site - B2 Current Set: L2.10A Please review the attached file. Per DES+DPR site walk on 8/16/24, DES confirmed that the seat walls around Building 2 are to be level. DES issued an updated fine grading plan that is included on page 3. Please confirm this gr"
RFI-47,Abbott Alameda Office TI,architectural,142648.0,5,,high,,Implement a thorough review process for existing conditions before finalizing design plans to preven,The RFI reveals critical structural and compliance issues requiring major rework.,,"Reference: RFI 47 - Abbott Alameda 1420 HBP - Restrooms Existing Conditions Confirmations Attached Pictures with Markups Sheet A4.4.0 Drawing sheet A4.4.0 provides design intent for the 2nd floor restrooms. DPR was contracted to only provide new finishes in these restrooms. However, additional work "
RFI-1912,Southline Office,architectural,136484.0,N/A,,,,,,UNDERSCORE?,"Reference: SLP1 - RFI 1912 - PSD Tiers 3-5 Cricketing Confirmation Attached Photos A2.04S Background: At tiers 3-5, there is more than 4"" of clearance between the TOC and the bottom of cable rails. Question 1: At these locations, please confirm if it is acceptable to add a 2"" buildup at the edge of "
RFI-2046.1,Southline Office,"architectural, plumbing, other",135704.0,4.5,category_specific,medium,partial,Implement a checklist item for evaluating drainage solutions in elevator lobby designs.,The RFI highlights a significant drainage issue that could affect elevator functionality during adve,,"At the elevator lobby on Tier 1, it was noticed that during heavy rain and wind events, water starts to accumulate under the stair landings, traveling through the North access of the tower. With the high wind forces, the water starts to flow towards the elevator fronts. This causes the water to star"
RFI-0204,Southline Office,,135670.0,N/A,,,,,,UNDERSCORE?,"Per email discussion with Alex Hartig (Atlas) on 12/16/22 (page #2), confirmation has been given to switch vapor mitigation systems. Please confirm it is acceptable to use Geo-Seal EV40's in lieu of Geo-Seal 60 for building 1 and 2. If confirmed, please update applicable details, notes, and drawings"
RFI-17,Abbott Alameda Office TI,,124678.0,4,broad,high,clear,Implement a more rigorous design review process to ensure alignment of structural elements.,The misalignment of structural columns led to a costly change order due to inadequate design coordin,,"Reference Sheet A2.1.2 Offices 2080, 2079, and 2078 have columns imbedded in the walls. These columns do not align with each other. Office 2078 will have an exposed column with current drywall layout. Confirm if acceptable to shift offices over to enclose the column. Suggested answer DPR suggest shi"
RFI-37,Abbott Alameda Office TI,,124678.0,4,broad,high,clear,Implement a verification step in the design review process to confirm wall framing specifications ag,The need to change wall framing specifications led to a costly rework due to inadequate initial desi,,"Reference: RFI 37 - Abbott Alameda 1420 HBP - Breakroom 02H6C Wall Width Confirmation A2.1.2, AD2.1.2 As per conversation with John (Abbott), Existing north wall at Breakroom 02H6C is framed using a 2.5-inch stud. Abbott Confirmed demolition of the north wall in order to reframe with 3.5-inch stud t"
RFI-1348,Southline Office,,123542.0,N/A,,,,,,UNDERSCORE?,B1 - Fan Room 712 Slab and Wall Gap
RFI-1330,Southline Office,,121931.0,N/A,,,,,,UNDERSCORE?,PSD - Storage Room 115B Light Fixtures
RFI-0849.1,Southline Office,,120190.0,N/A,,,,,,UNDERSCORE?,"Reference Drawing C6.8 Response to RFI-849 provided revised plans to both the Storm drain line and Domestic water line, see attached. Response was provided by BKF and closed out on 8/30/23. DW tie-in installed and completed per onsite and offsite drawings on 8/04/23. Please confirm DPR is to move th"
RFI-16,Intuitive Surgical MOB,"architectural, structural",118846.0,4,broad,high,clear,"Implement a more thorough review process for design details that involve overhead installations, ens","The costly issue arose from a design oversight regarding soffit installation access, leading to a si",,"The soffit that supports the mecho shade is drawn as a single drop with a kicker. There is not enough access to install this soffit drop between the building's perimeter beam and the exterior wall. Also, in some areas existing cold formed metal framing ties into exterior wall preventing access. To a"
RFI-1684,Southline Office,architectural,115307.0,N/A,,,,,,UNDERSCORE?,"Referenced Documents: A2.01, A9.10, A8.03 Question: Please see attached photo along the exterior full height partitions. The exterior full height walls follow the interior wall schedule and allow for 1.5"" of deflection, which requires a 1.5"" gap at the top of the gypsum board. Details 16 and 20 on A"
RFI-1093,Southline Office,architectural,114792.0,4.5,category_specific,medium,partial,"Ensure that all roof designs include clear specifications for drainage systems, including gutters an",The RFI highlights the need for clear drainage specifications in roof designs to prevent potential w,,"Ref: A2.08, Detail 9/A5.37, Detail 7/A8.23 Per roof plan A2.08 no gutters are called out for the mechanical shaft roofs. Detail 9/A5.37 show wall section of the mech shaft where roof is sloping to which also does not depict gutters at roof level. Please confirm design intent is for gutters and downs"
RFI-1327,Southline Office,"exterior_envelope, architectural",114792.0,4,category_specific,medium,partial,Ensure that roofing taper systems are reviewed for compatibility with structural elements like bent ,The RFI highlights the need for careful consideration of roofing taper layouts to avoid integration ,,"Ref: 393-075419 - PSD PVC Membrane Roofing Taper Layout and Shop Drawings In order to ensure bent plate around perimeter of roof along along inside of parapet will be buried within the roofing taper system DPR suggests adding a 2.5"" base layer at the high roof. Please see attached for revised taper "
RFI-1076,Southline Office,civil_site,114016.0,4.5,broad,high,clear,Ensure thorough utility conflict assessments are conducted during the design phase to avoid similar ,The RFI highlights the need for better utility conflict management in design to prevent future issue,,Currently there is an existing communication line and irrigation line that is directly in conflict with one of our PG&E #7 Vaults. Additionally there is an existing storm drain line that is in conflict with the eastern #7 box pad. See attached. Please provide new location of the two PG&E #7 Box and 
RFI-145,Silicon Valley Office,,111935.0,5,,high,,Ensure all paths of egress are designed and constructed in compliance with safety regulations to pre,The RFI highlights critical safety compliance issues regarding egress paths that must be adhered to ,,"Ref: Attached markup; SmithGroup and Langan Team, please confirm: 1) Please confirm the outdoor landscape area will require two paths of egress from concrete patio. 2) Please confirm paths of egress are acceptable as sidewalk as shown as long as sidewalk does not exceed 5% slope. 3) No exceptions ta"
RFI-1761,Southline Office,architectural,111797.0,N/A,,,,,,UNDERSCORE?,"Ref: A2.01 Per conversation with SSF building inspector, a separate 2hr rated enclosure is not required for the lighting inverter in Electrical Room 128. 1) Please confirm it is acceptable to demo the 2hr rated partitions and door around the lighting inverter. Please see attached for more informatio"
RFI-0599,Southline Office,"architectural, plumbing",111780.0,N/A,,,,,,UNDERSCORE?,"Ref: A4.10 (B1 SI-04 dated 05.19.23); Email Correspondence with Sipan/PMA dated 06.05.23; Submittal 4100-220000-0-B1 Lavatory, Faucet and Soap Dispenser Post: Detail 2 & 4/A4.10 Per email correspondence with PMA, the lavatory will be updated to countertop with undermount sink. Please provide the lay"
RFI-1675,Southline Office,,110018.0,4,,high,,Review and confirm compliance with ADA regulations for charger placement and determine the necessity,Potential ADA compliance issue and safety concerns regarding electric vehicle charger installations.,,"REF: B2 Current Set: E1.00, Site - B2 Current Set: L1.10A POST TO: B2 Current Set: E1.00, Site - B2 Current Set: L1.10A Please review the attached file. Please advise on the following: 1. Please confirm the proposed locations of electric vehicle chargers shown 2. on sheet E1.02 are acceptable. Charg"
RFI-1389,Southline Office,electrical,108977.0,N/A,,,,,,UNDERSCORE?,"Reference: R20 DL JT4.0 The JT calls for Communication Riser Pole to be installed on Linden Ave in the area highlighted in red in the attached file. On the ground the pole is going to end right on the driveway. Please confirm if this location is where the pole is to be placed. Otherwise, provide a r"
RFI-1470,Southline Office,,108977.0,4.5,category_specific,high,clear,Ensure thorough utility mapping and verification before finalizing designs to avoid conflicts.,This RFI highlights the importance of verifying existing utility locations to prevent design conflic,,"Reference: R20 DL JT4.0 The section of the trench highlighted in red is being affected due to the existing utilities that the JT is crossing over at South Linden Ave. At location A, the Joint trench will be crossing over communication duct bank and gas line. The top of the communication duct bank is"
RFI-0091,Southline Office,"architectural, fire_protection, structural, concrete",107373.0,N/A,,,,,,UNDERSCORE?,"Ref: Fire Water Tank Water Volume Calculation Sheet; A1.03 (B1 ASK-01 dated 10.13.22); FP0.04, S1.01 & S3.01 (B1 95% CD drawing dated 08.26.22); SK-1 Blockout Size This is confirming RFI. 1. See FP0.04 and SK-1. Blockout (area highlighted in yellow) is required at the southeast corner of firewater t"
RFI-1335,Southline Office,,104796.0,N/A,,,,,,UNDERSCORE?,"There are C1 walls above the mist eliminator and filter banks in the air handler room. The mist eliminators and filter banks attach to the finish opening. See attached for connections details with weights and opening sizes. 1. At the mist eliminator, please confirm the track and stud requirements ar"
RFI-0615,Southline Office,structural,103557.0,N/A,,,,,,UNDERSCORE?,"Ref: S2.07, S7.02, S3.03, S5.00 (B1 SI-04 dated 05.19.23); Submittal 1436-142100-0-B1 Passenger Elevator A-D Shop Drawing; Submittal 1436-142100-0-B1 Passenger Elevator A-D Shop Drawing; Screenshot 1, Screenshot 2 Post: S2.07, Detail 3 & 8/S7.02, 4/S3.03 1. See detail 3/S7.02 and Screenshot 1. Hoist"
RFI-0965,Southline Office,,102176.0,2,narrow,low,clear,Ensure detail clarifications are documented in project records.,"This RFI clarifies a detail for a channel beam connection, which is a routine clarification.",UNDERSCORE?,"Reference: SLP1 - RFI0965 - PSD Added Cantilevered C12x25 Detail Clarification RFI0965 SK-1 SLP1 - RFI0576 - PSD PT Beam Electrical Penetration Post On: 11/S7.03, 1/S7.01 Background: Per comments provided by Armando/GPLA on Submittal #4042, Glazier Steel is to provide a C12x25 channel with studs in "
RFI-0142,Southline Office,,100036.0,N/A,,,,,,UNDERSCORE?,Site - R15 City fiber Drawing clarifications
RFI-0173,Southline Office,,100036.0,N/A,,,,,,UNDERSCORE?,Site - Fiber Boxes B36 in lieu of No. 6E
RFI-0786,Southline Office,,100036.0,N/A,,,,,,UNDERSCORE?,Onsite - R16 JT AT&T and Comcast Reroute
RFI-0718,Southline Office,"architectural, structural",96230.0,N/A,,,,,,UNDERSCORE?,Ref Details 2- &5/S7.1 and RCP A3.01: Detail 5/S7.1 calls out for control joints on all walls greater than 25' at no more than 25' OC. Detail 5/S7.1 also calls out for a minimum 4-week cure between CMU initial install & backfill for control joint locations. Based on the 18- week lead time of the spe
RFI-1080,Southline Office,concrete,96230.0,5,,high,,Review and modify concrete mix design and reinforcement strategies to mitigate shrinkage cracking in,Shrinkage cracking in concrete slab indicates a critical structural concern requiring immediate atte,,"Referenced Attachments: S2.1, 11/3/23 DES-PMA-DPR SOG Shrinkage Crack Follow Up Meeting Notes SOG Pour #1 has seen shrinkage cracking, which is anticipated in concrete. Based on prominence of cracking, DPR, PMA, and DES met to review if any modifications to concrete mix design, reinforcement, or saw"
RFI-8,Silicon Valley Office,"architectural, structural",92894.0,4,broad,high,clear,Implement a more thorough design review process that includes checks for vertical clearances and con,The conflict between the lobby elevator shaft and mass timber roof design resulted in a costly chang,,Lobby Elevator Shaft Conflict with Mass Timber Roof
RFI-1870,Southline Office,"architectural, structural",92411.0,N/A,,,,,,UNDERSCORE?,Reference: SLP1 - RFI 1870 - B1 Service Yard Vertical Fins Clarification Sheets A1.02 and A1.10 Further information is required for the vertical fins shown at the exterior of the service yard. Please provide/confirm the following: Dimensions and Profile of fins (dimensions shown off of CMU edge but 
RFI-0341,Southline Office,"concrete, masonry, structural",91208.0,N/A,,,,,,UNDERSCORE?,"Reference: SLP1 - RFI0341 - PSD Bearing and Non-Bearing Walls Confirmation Q1: RFI0295 response calls out for all highlighted walls to be CMU. Please confirm it is acceptable to make all 8"" highlighted walls concrete to the bottom of the slab at level 2 instead of CMU for both bearing and non-bearin"
RFI-52,Silicon Valley Office,structural_steel,90540.0,4,broad,high,clear,Implement a more rigorous design review process that includes detailed coordination checks between s,The costly change order resulted from a coordination failure regarding beam penetrations at joint lo,,Beam Penetration at Joint Locations (Metal Panel Shop Drawings)
RFI-1307,Southline Office,"architectural, electrical, structural, other",89281.0,N/A,,,,,,UNDERSCORE?,Ref: E9-05.L1.01; Roof Panels Plan (submittal 4234-061543-0-B2 Mass Timber Shop Drawing); Sketch 1 Dog House Detail; A2.02 Post on: S2.3; A2.02 1. Please confirm that the field-cut opening and penetrations highlighted in yellow are acceptable. 2. Please confirm if there's any reinforcement required 
RFI-1307.1,Southline Office,"architectural, electrical, other",89281.0,N/A,,,,,,UNDERSCORE?,"Ref: Detail 1; Sketch 1 ; A2.02 Post on: A2.02 1. This is a .1 RFI. Please confirm that it is acceptable to use Detail 1 in lieu of the detail RFI1307 by building wood curb below the panelboard as coordinated in meeting with DPR/Alliance/MCA. 2. See Sketch 1. The panelboard is 90"" tall. Due to the c"
RFI-0277.3,Southline Office,"architectural, masonry, interior_finishes",89249.0,N/A,,,,,,UNDERSCORE?,"Reference: SLP1 - RFI0277.3 - PSD CMU Color Clarifications_R3 Q1: Please confirm if ""yellow"" wall will now have plaster only at the interior face of Stair #2 at all levels. Q2: Please confirm if the ""yellow"" walls located at the Bike Enclosure, Storage 116, Storage 202, Storage 205, Storage 302, Sto"
RFI-0277,Southline Office,"architectural, masonry, interior_finishes",89249.0,N/A,,,,,,UNDERSCORE?,Reference: SLP1 - RFI0277 - PSD CMU Color Clarifications Q1: Please select colors from link below for the 3 texture and colored CMU walls at PSD. https://www.basalite-cmu.com/northern-ca-cmu-colors Currently project is bid with base and standard color range. Use of premium colors may result in addit
RFI-0750,Southline Office,electrical,86908.0,N/A,,,,,,UNDERSCORE?,Onsite - Rule 16 Conflict at #7 Vault
RFI-0547,Southline Office,"architectural, structural, mechanical",86744.0,N/A,,,,,,UNDERSCORE?,"Ref: M2.06, A4.10 (B1 PCR #2 dated 01.10.23), SK-1, SK-2 The Level 6 bathroom exhaust duct offsets horizontally in Level 6 overhead and the goes through the Level 7/roof slab. In order to maintain the rating between the Level 6 bathroom exhaust shaft wall and Level 7/roof slab opening a rated soffit"
RFI-0774,Southline Office,,86744.0,N/A,,,,,,UNDERSCORE?,"Reference: A2.06, A7.01, RFI 525 and 683. At the elevator shaft walls at L6 there is a bent plate on the side of the structural beams that hangs down 1"" preventing the typical hanging soffit connection detail from RFI-0525. DPR Drywall proposes using two z-clips the length of the beam so that anothe"
RFI-1304,Southline Office,architectural,83469.0,4,,medium,,Ensure thorough review and confirmation of fire safety equipment locations in future projects to pre,Coordination gap identified regarding additional Knox Box locations for fire safety compliance.,,"Reference: SLP1 - RFI 1304 - PSD Knox Box Locations Confirmation Email Correspondence between DPR and SSF Fire Marshall Background: The architectural drawings show Keynote 280 on Sheet A2.01 for a Knox Box located outside the Fire Command Room. Per conversations with SSF Fire Marshall, additional Kn"
RFI-1302,Southline Office,architectural,83469.0,4.5,category_specific,high,partial,Ensure all door hardware specifications align with security requirements during the design phase.,This RFI emphasizes the importance of aligning door hardware specifications with security requiremen,,"Reference: SLP1 - RFI 1302 - PSD Door Hardware Schedule Alignment with Security Drawings Confirmation Sheet A9.20 Approved Submittal 3982-08-1113 PSD Doors, Frames, and Hardware Background: DFH submittal 3982 got approved by DES back in May of 2023. The submittal's hardware schedule reflected what w"
RFI-1722,Southline Office,architectural,82619.0,4.5,category_specific,medium,partial,Establish a checklist for painting standards and finish quality assessments in future projects.,This RFI emphasizes the importance of aesthetic consistency in construction finishes and the need fo,,"Reference: SLP1 - RFI 1722 - PSD Shear Wall Paint Confirmation Sheets A2.01, A2.02, A2.03, A2.04, A2.05 Marked up pictures Background: Due to the sequence of the construction of the shear walls in relation to the slabs, the quality of the concrete finish was very inconsistent throughout the parking "
RFI-2028,Southline Office,,82138.0,5,broad,high,clear,Implement a checklist item for verifying safety compliance with local regulations regarding barriers,The RFI highlights a critical safety compliance issue regarding stair barriers that must be addresse,,"Cane rail is installed at Level 1 at Stairs 1, 2, and 3 per detail 2/A7.21 and Keynote 756. However, as shown in below snippit from the project conditions of approval, a full height barrier is needed. The current cane rails can allow people to conceal themselves under the stairs, since it is low eno"
RFI-1631,Southline Office,"architectural, concrete, landscaping",79170.0,4,category_specific,medium,partial,Ensure structural stability requirements for terrace walls and formwork are reviewed in future desig,The RFI highlights the importance of confirming structural measures for terrace walls and formwork.,,"REF: Site - B2 Current Set: L1.11A, 20/L8.02 POST TO: Site - B2 Current Set: L1.11A, 20/L8.02 Please review the attached files. Trademark requests to install footings at terrace walls to ensure structural stability. Trademark also requests to install rat slab to assist with form work of B2 seat wall"
RFI-1680,Southline Office,,78180.0,N/A,,,,,,UNDERSCORE?,Reference: SLP1 - RFI 1680 - PSD Elevator Tower West Elevation Opening Dimension Confirmation Sheet A5.11 and A8.11 Email Correspondence between DES and DPR SK- Drawing Background: Architectural drawings do not clearly note opening height dimension. Q1: Per the attached email conversation and drawin
RFI-1287,Southline Office,"civil_site, landscaping",77183.0,N/A,,,,,,UNDERSCORE?,The San Bruno Stamped Irrigation plans introduce BART irrigation legend on sheet L3.10.1. The symbols in this legend are identical to the symbols in the irrigation legend on sheet L3.00 but call for different model numbers. Please advise on the following questions: 1. Please confirm if the previousl
RFI-1736,Southline Office,architectural,74462.0,2,narrow,low,partial,Ensure sealant specifications are clearly defined in project documents to avoid future RFIs.,This RFI addresses a minor detail clarification regarding sealant specifications.,UNDERSCORE?,"Referenced Documents: Details A & B on A9.22 Question: Details A and B on A9.22 for CMU Wall Doors call out a 3/8"" sealant with backer rod requirement at both the head and jamb in the gap between the hollow metal frame and the CMU wall. Please confirm what type of sealant and what color we are to in"
RFI-1136,Southline Office,,74462.0,N/A,,,,,,UNDERSCORE?,"Reference: A9.13/Detail 5 and 6 SI.06 G0.01 Tenant Improvement Notes A7.01, A7.05, A7.07 Q1: In order to maintain air pressurization at stair 2, DPR recommends installing drywall on the side of the wall clouded, as shown in sketch 1. Please confirm this is acceptable and clarify the type of wall ass"
RFI-21,Abbott Alameda Office TI,architectural,72300.0,4,broad,high,clear,Implement a checklist for reviewing demolition plans to ensure all necessary details are included be,The absence of demolition details for existing flooring in design documents led to a costly change o,,Reference: RFI 21 - Abbott Alameda 1420 HBP - Flooring Removal in Existing Conference Room 02H6C Confirmation Sheet AD2.1.2 and Note D21 in sheet AD2.1.2 Existing Conference Room 02H6C is to become the new employee Breakroom which will be getting new LVT plank flooring. Note D21 is not shown in the 
RFI-113,Silicon Valley Office,,71971.0,4,broad,high,clear,Implement a review process for all below-grade details to ensure clarity and alignment with the inte,The RFI for the modified planter scope resulted from unclear specifications for below-grade planters,,RFI for record -Modified Planter Scope
RFI-1480,Southline Office,architectural,68518.0,4.5,broad,high,clear,Ensure all door functionalities are verified against code requirements and project specifications.,The RFI highlights important door functionality confirmations that are essential for compliance and ,,"Per 3/8/24 Door functionality meeting with DPR, PMA, & DES, please provide direction on the following Door Functionality: 1. Openings 136A, 136B, 137: please confirm these openings are to be prepped for future card reader functionality including: A. 136A - removing card reader device, change to pass"
RFI-1132,Southline Office,"architectural, structural",67447.0,4.5,category_specific,medium,partial,Implement a checklist for verifying wall heights and embed placements during construction to prevent,This RFI highlights the importance of verifying structural dimensions and connections during constru,,"Referenced Documents: A2.01S, 9,10/S5.3, 6/S6.2, 3/S6.3, Section Cut of GL 9 Wall Markup, Beam Seat Above Embed at North and South Ends of GL 9 Wall Markup Question: The shear wall on GL 9 has been built 6"" too short, with its required height of 19' 1"" at the North end of the wall and 18'7"" on the S"
RFI-1233.1,Southline Office,,67139.0,4,category_specific,medium,partial,Ensure that alternative support methods are evaluated for compliance with design specifications in f,The RFI highlights the need for clarity in material specifications and their acceptability in struct,,"Reference: SLP1 - RFI1233.1 - PSD Storage Room 117 CMU Wall Shift Confirmation_R1 SLP1 - RFI1233 - PSD Storage Room 117 CMU Wall Shift Confirmation Sheet A2.01 Attached SSK-01 Background: Per RFI1233, Glazier Steel was to provide an L-angle support with a minimum dimension of 6"" x 12"" x 7"" wide, per"
RFI-1233,Southline Office,,67139.0,4,category_specific,medium,clear,Implement a verification process for curb layouts and wall placements to prevent similar shifts in f,The RFI highlights a significant coordination issue with the CMU wall placement that could affect fu,,"Reference: SLP1 - RFI1232 - PSD Storage Room 117 CMU Wall Shift Confirmation Sheet A2.01 Attached SSK-01 Background: DPR GC provided curb layout for the CMU curbs at Tier 1 MPOE, Fire Command, and Storage Room (117). When DPR Concrete poured these curbs, the exterior edge of the curb was taken as th"
RFI-0260,Southline Office,,66948.0,N/A,,,,,,UNDERSCORE?,"Ref: Wind Responsive Report by CPP Wind Engineering Consultant (dated 01.23.23); M2.01, A1.00 (PCR #2 dated 01.10.23); Email correspondence between Jordan B. Singh/CPP and Meg Gainey/DES dated 12.12.22) Per email correspondence, there is a height limitation by FAA that the anemometer cannot be place"
RFI-1167,Southline Office,structural,65827.0,4.5,category_specific,medium,clear,Ensure clarity on shop drawing requirements for interior framing in future projects.,Clarification on shop drawing requirements for interior metal stud framing provides valuable insight,,Ref Spec Section 054000: Spec section 054000 calls out that it covers both exterior and interior wall framing. Subsection 1.3.C requires shop drawings stamped by a licensed professional structural engineer. Please confirm per conversation with Demetrios K/DES and Lea R/DPR on 12/7/23 that shop drawi
RFI-1010,Southline Office,,65827.0,N/A,,,,,,UNDERSCORE?,"Reference: A2.07, RFI 0968 Q1: Similar to question two in RFI 0968, the east wall bottom track is extending roughly 3/4"" to 1"" over the concrete curb. Please confirm it is acceptable to use z clips to extend the densdeck prime to the bottom of the curb."
RFI-1496,Southline Office,,64740.0,N/A,,,,,,UNDERSCORE?,PSD - G6/GA Shaft Rating Requirement
RFI-1273,Southline Office,,62891.0,N/A,,,,,,UNDERSCORE?,"Reference: G2.01, A2.01, A5.10, A5.11, E2.01, RFI-1180 response Per RFI-1180 response, exit signage infrastructure is to be routed through storefront mullion system. Please confirm mullion mounted exit signs is acceptable. If acceptable, please advise on layout for the mullion mounted exit signs as "
RFI-0667,Southline Office,,62853.0,N/A,,,,,,UNDERSCORE?,"Reference: Maple Rule 20 JT 4.0 Per the current plan the Joint Trench was to be run as shown in Maple Rule 20 Plan page JT 4.0. However, currently there was an unmarked buried concrete structure South of South maple Ave as shown in attached JT 4.0. As such, PEC suggests rerouting the section of the "
RFI-1745,Southline Office,plumbing,62479.0,4,category_specific,medium,partial,Ensure clear guidelines for parking space design to avoid obtrusions.,The RFI highlights the need for better design specifications to prevent obtrusions in parking spaces,,PSD - Obtrusions in Parking Spaces Protection Requirements
RFI-1745.1,Southline Office,,62479.0,N/A,,,,,,UNDERSCORE?,PSD - Obtrusions in Parking Spaces - Unique Conditions Details
RFI-1425,Southline Office,"structural, plumbing",62341.0,N/A,,,,,,UNDERSCORE?,Reference: Submittal #4090 - B2 Plumbing Fixtures The approved LAV-2 sink (American Standard Decorum Wall-Hung Lavatory with Everclean) has a total weight load of 250 lbs. This exceeds the 200 lb. backing support detail 11/A9.12. Please advise if the backing support detail 11/A9.12 is sufficient for
RFI-1670.1,Southline Office,architectural,62341.0,4,category_specific,medium,partial,Ensure proper alignment checks between drywall and metal decking in future designs.,"The RFI highlights a notable installation challenge due to misalignment, which can inform future des",,"Reference: SLP1 - RFI 1670.1 - PSD Elevator Tower Trim Plate Detail Confirmation_R1 SLP1 - RFI 1670 - PSD Elevator Tower Trim Plate Detail Confirmation Email Correspondence between DES and DPR Detail 6/A8.20 Background: Per RFI 1670, a GSM closure angle got added to provide a location for caulking t"
RFI-0893.2,Southline Office,"structural, architectural",61866.0,4.5,category_specific,medium,clear,Implement a checklist item for verifying embed locations during the design phase to prevent similar ,The RFI highlights the importance of verifying embed locations to avoid structural modifications dur,,"Reference: SLP1 - RFI0893.2 - B1 Balcony Guardrail Added Plate to Embeds Confirmation_R2 SLP1 - RFI0893.1 - B1 Balcony Guardrail Added Plate to Embeds Confirmation_R1 RFI0893.1-SK5, and SK6 Post on: Detail 8/A8.21 Background: Due to missed steel embeds at corners of Level 3 balcony curbs, the steel "
RFI-0498,Southline Office,,61039.0,N/A,,,,,,UNDERSCORE?,Offsite - Maple Rule 20 JT Conflict with existing utilities
RFI-2046,Southline Office,"architectural, plumbing, other",60885.0,4.5,broad,high,partial,Implement drainage solutions in elevator lobby designs to prevent water accumulation.,The RFI highlights the need for improved drainage solutions in elevator lobby designs to prevent wat,,"Reference: SLP1 - RFI 2046 - PSD Tier 1 Elevator Lobby Trench Drain Confirmation A7.01 Mark up PSD Tier 1 Lobby Pictures Site Drawing C4.2 At the elevator lobby on Tier 1, it was noticed that during heavy rain and wind events, water starts to accumulate under the stair landings, traveling through th"
RFI-1075,Southline Office,,60849.0,N/A,,,,,,UNDERSCORE?,"Reference: SLP1 - RFI1075 - PSD Transformer Room Pulling Eye Structural Design Confirmations Detail 6/A4.01 Background: Referencing detail 6/A4.01, Transformer Room 109 requires three(3) pulling eyes with a working load of 10,000 lbs. as noted in keynote 757. Question 1: Please confirm the current C"
RFI-89,CoreSite Data Center,architectural,59960.0,4,broad,high,clear,Implement a more rigorous design review process that includes all relevant stakeholders to ensure al,"The RFI resulted from a design oversight regarding the treatment of active drainage risers, leading ",,"Per 7/21 DPR/Design Teams workshop, existing drainage risers were identified and in Storage 234 with no chase or covering shown in design. These risers are active and service the South-most UPS room CRAHs on level 4. However, the floor drains adjacent to the risers are not in service. Per 7/21 works"
RFI-1106,Southline Office,,59210.0,4,category_specific,medium,partial,Ensure that electrical conduit routing is reviewed against insulation layers in future designs to av,The RFI highlights the importance of considering electrical conduit routing in relation to insulatio,,"Reference: M2.02 Markup Per coordination with DES, Alliance, Sprig, ASI, and DPR, the attached roof electrical/controls rough in strategy was proposed to minimize overhead exposed conduit/MC within B2. MC routing is to be kept grouped as much as possible with 12"" minimum between each group. Tops of "
RFI-1586,Southline Office,architectural,59210.0,4.5,broad,medium,clear,Ensure that all roof hatch dimensions and installation details are verified against structural openi,The RFI reveals a critical design coordination issue regarding roof hatch dimensions that could lead,,"Ref: A2.02S, A8.21, Submittal 4212-07-5419 During previous rounds of shop drawing review for 4212:B2 PVC Membrane Roofing Product Data and Taper Plan, it was noted that a 30”x30” roof hatch was called out in the architectural drawings and that contractor was to coordinate the location of the sub-bea"
RFI-86,CoreSite Data Center,architectural,59171.0,N/A,,,,,,UNDERSCORE?,"Detail 4/A06-62 provides a section detail shows roller window shade installation. However, this detail shows the window shade bracket fastened directly to an existing curtain wall mullion and new blocking above the bracket as needed. Attachment directly to the existing curtain wall mullion may"
RFI-113,CoreSite Data Center,"architectural, interior_finishes",59171.0,N/A,,,,,,UNDERSCORE?,"In Corridor 262 walls, there are 4 locations where existing plumbing risers will partially protrude outside of the walls. Per prior coordination with Design team, 3 of the 4 protrusion locations can be resolved with a furred bump out around the plumbing risers by sistering studs to the corridor 262 "
RFI-33,CoreSite Data Center,architectural,59171.0,N/A,,,,,,UNDERSCORE?,"The RCP shows Women & Men's Restroom ceilings @10' 0"" and at sink areas-ceiling in RCP shows to be @11'-0"". The Architecture Model ceiling height is @10' 0"" and sink ceilings @8' 0"". Please confirm the ceiling heights near sink area. Suggested answer Please confirm if ceiling height near sink area i"
RFI-92,CoreSite Data Center,"interior_finishes, architectural",59171.0,3,category_specific,medium,partial,Ensure framing dimensions are verified against specifications before installation.,This RFI highlights a common issue with framing dimensions in interior finishes.,UNDERSCORE?,"remove corner bead, replace framing to correct size, replace gyp, replace tape?"
RFI-46,CoreSite Data Center,"interior_finishes, mechanical",59171.0,4,category_specific,medium,partial,Ensure elevation of mechanical units is verified against ceiling heights in future designs.,The elevation of VAV units above the ceiling line is a critical design consideration for coordinatio,,Should they be moved to a new elevation above the ceiling line?
RFI-94,CoreSite Data Center,"architectural, structural",59171.0,5,,high,,Ensure all design documents are thoroughly reviewed for compliance with fire safety codes before con,The RFI addresses a critical fire safety compliance issue regarding the wall type in the janitor's c,,"The current design calls for a furred wall (E6-D) at the south wall of the Janitor's Closet; however, the janitor's closet is to maintain a 1hr rating per A03-03B which cannot be achieved with an E type wall. If the wall rating is to be maintained, DPR proposes changing South wall of the janitors cl"
RFI-62.2,CoreSite Data Center,architectural,59171.0,N/A,,,,,,UNDERSCORE?,"Per RFI 62.1, it has been confirmed that a bulkhead soffit is to be added between the 11' and 9'8"" ceiling heights in the corridor. Please confirm the following: The exact height of the bulkhead soffit to be constructed. Whether the soffit will terminate flush with the lower ceiling (9'8"") or extend"
RFI-0134,Southline Office,,57882.0,N/A,,,,,,UNDERSCORE?,B1 Freight Elevator E Shaft Size
RFI-1445,Southline Office,,57866.0,4,category_specific,medium,partial,Ensure traffic control measures are considered in design phases to avoid similar issues.,The RFI highlights the need for better integration of traffic control measures in design.,,"Reference Drawing: R20 DL JT4.0 Per our approved Dollar/Linden traffic control plan with the city, the K-rails are sitting on top of the proposed JT, see JT4.0 highlighted area. DPR would like to propose to shift the JT 5' West to provide enough space for our traffic control measure, equipment, and "
RFI-1440,Southline Office,"architectural, electrical, landscaping, civil_site",55385.0,3,narrow,medium,partial,Ensure all site photometric studies are reviewed and confirmed in coordination meetings.,This RFI highlights the need for confirmation of site photometric studies during project coordinatio,UNDERSCORE?,"REF: Site - B2 Current Set: E1.00 POST TO: Site - B2 Current Set: E1.00 Please review the attached file. Please confirm with no exception the B2 Site Photometric Study as designed per the coordination meeting between Silverman, Sprig, DPR, DES and HLB."
RFI-1412,Southline Office,,53629.0,4,category_specific,medium,partial,Ensure thorough review of conduit layouts during design phase to prevent discrepancies.,The RFI reveals a design inconsistency in conduit layout that requires clarification to avoid minor ,,Reference: R16 E2.0 For the R16 PGE PM Drawing #35385893 PEC had installed per the plans 2 (EA) 6” conduit coming out of the #7 vault highlighted in red (as shown in the attached PGE PM#35385893 drawing). One of the 6” conduit is stubbed out for future use and the other 6” conduit was stubbed short 
RFI-1409,Southline Office,"architectural, exterior_envelope",53268.0,N/A,,,,,,UNDERSCORE?,"Reference: SLP1 - RFI 1409 - PSD Flashings at Terracotta-Plaster Transitions Confirmation Details 16/A8.01, 6/A8.11, 5/A8.11 and 7/A8.10 Question 1: Please confirm if flashings similar to 16/A8.01 are intended for Plaster/Terracotta transitions at the NW and NE corners. Question 2: Please confirm if"
RFI-1793,Southline Office,architectural,52964.0,4,category_specific,medium,partial,Implement a checklist for MEP fixture alignment and coordination with architectural elements.,This RFI highlights common coordination issues between MEP and architectural elements that require a,,"Reference Documents: E2.01, A3.01, FP1.02, Attachment Based on field walk with DES on 7/8/24 there are adjustments required to the MEP fixtures and access panels in the ceiling soffit at the Servery. Per A3.01 the (3) light fixtures along GL7 do not align with the the heat lamps. Per DES light fixtu"
RFI-1074,Southline Office,"architectural, exterior_envelope",52125.0,4,category_specific,medium,partial,Ensure curb installations are verified against framing details to avoid gaps.,The RFI reveals a design oversight in curb installation that could affect future projects.,,"Ref: A2.03S, Detail 20/A8.21 Suggested answer Per A2.03S, the perimeter curb at the balconies is to stop at the location of the slab depression. This leaves a gap from edge of curb to the framing for the terracotta return wall. Curb was also installed short of the slab depression which increased the"
RFI-1123,Southline Office,"architectural, structural",50641.0,4,,medium,,Implement a review process for layout confirmations to prevent similar coordination gaps in future p,The RFI reveals a coordination gap in the vehicle barrier cable rail layout that could lead to struc,,"Reference: SLP1 - RFI1123 - PSD Tier 5 Vehicle Barrier Cable Rail Layout Confirmation SLP1 - RFI700.1 - PSD Concrete Ramp and Slab Edge Confirmation_R1 Email Correspondence between DES/Olesya and DPR/Luis Background: Per RFI700.1 response, shear walls at Tier 5 are to get openings which require new "
RFI-0508,Southline Office,structural,50365.0,N/A,,,,,,UNDERSCORE?,Ref: 14/S5.50 DBA's cannot be installed where wide flanged columns and braced frame gusset plates occur due to length of DBA's and required access for DBA welding gun. Please see attached markups for suggested adjustments at conflict locations which have been coordinated with SEOR.
RFI-0589,Southline Office,architectural,49805.0,N/A,,,,,,,Ref: G0.01 Per email dated 5/9/23 please confirm that the direction from DES is to fireproof penthouse columns and beams and provide sealer at locations considered air plenums and non-ducted air shafts.
RFI-1817,Southline Office,landscaping,48940.0,4,category_specific,medium,partial,Consider implementing a checklist for percolation testing and drainage solutions in future landscapi,The RFI highlights a drainage issue that could affect future landscaping designs.,,REF: RFI 1494.1 Please reference the attached file. Attached are the test results from tree pit percolation testing performed along Southline avenue planters. Several locations did not percolate and therefore Brightview recommends installing additional drainage such as perf pipe. Please review these
RFI-1817.1,Southline Office,landscaping,48940.0,4.5,category_specific,high,clear,Ensure sump drains are installed where percolation testing fails and consider varying the depth base,The RFI emphasizes the importance of installing sump drains in areas with failed percolation tests t,,"REF: Site - Offsite Current Set: L4.30, RFI 1817 POST TO: Site - Offsite Current Set: L4.30 Please review the attached file. Per the response to RFI 1817, BrightView performed a sump drain test at one of the tree locations along Southline Avenue. This was at a 36"" box tree pit with a 4' sump drain t"
RFI-1794,Southline Office,"architectural, structural",47992.0,N/A,,,,,,,"Ref: A9.81, Submittal 4875 Per submittal 4875 review comments a significant number of horizontal 1x1 HSS members were removed. During constructability review, Glazier and Crestamrk both feel that there is not adequate structural support for the floating inner 1x1 framing elements without the horizon"
RFI-2024,Southline Office,"electrical, food service",47464.0,4,category_specific,medium,partial,Ensure that all electrical plans include detailed switch placements for kitchen equipment to avoid c,The RFI highlights a coordination gap regarding the placement of remote switches for kitchen heat la,,"Ref: QF101, QF301, Submittal #4162 Kitchen Equipment # 218 & 217 Decorative Heat Lamps have remote switches for control. These remote switches were not shown on the Kitchen Electrical Plans. Switch options on the fixture itself are not an option for the High Watt Heat Lamps. Please confirm the attac"
RFI-127,Silicon Valley Office,,47010.0,3,broad,medium,partial,Implement a more rigorous review process for design specifications and trade coordination during the,The RFI revealed a costly coordination failure regarding UL design specifications that led to a sign,,Can we use the UL design V497 in the 1st floor MDF (102) and Fire Command Center (104) along the exterior?
RFI-1930,Southline Office,architectural,45772.0,N/A,,,,,,,"Referenced Document: A4.02, A6.02, 7/A9.72 Question: Outlet on the West side of conference room 2 land inside of the banquette seating. 1.) Please advise if outlets are to remain & need to be relocated or if they are to be abandoned. Outlet in the dining room (139) bussing station lands inside the c"
RFI-224,Silicon Valley Office,structural,45550.0,4,broad,high,clear,Implement a more rigorous review process for material specifications during the design phase.,The switch from wood to metal kickers due to design oversight resulted in a costly change order.,,Exterior Wall Bracing at GL 3.6 and Nanawall
RFI-272,Silicon Valley Office,,45550.0,N/A,,,,,,,Atrium Header Detail Needed along E & W entrance
RFI-100,CoreSite Data Center,"architectural, electrical, structural",45000.0,N/A,,,,,,,For future power is possible to utilize cut-in boxes?
RFI-1438,Southline Office,"architectural, structural",44718.0,N/A,,,,,,,"Referenced Documents: S2.3, S5.3 Question: Due to the difficulty in installing the embed at the top of line 5 shear wall, the finished product resulted in a non- flat surface plane. Therefore, when the collector plates span from the CLT to the TOW Embed, the collector plate does not sit flat resulti"
RFI-1269,Southline Office,"architectural, electrical, fire_protection, mechanical, other, structural",44059.0,N/A,,,,,,,Ref: Superplot of Penetration Layouts on Existing Predrill Deck; Roof Panels Plan (submittal 4234-061543-0-B2 Mass Timber Shop Drawing); Sprig Penetrations Layout; ASI Penetration Layout; Transbay Penetration Layout; S6.1 (PCR #2 dated 10.04.23) Post on: S2.3 & detail 6/S6.1 The first page of the at
RFI-0483,Southline Office,waterproofing,43547.0,N/A,,,,,,,"Reference: SLP1- 570-071300 Below Grade Waterproofing Shop Drawings Q1: The red line indicates the current CJ location in the field. It is vertical instead of horizontal, please confirm this is acceptable. Q2: This results in the waterstop not being installed where it is currently called out. Please"
RFI-1959,Southline Office,architectural,43350.0,4,,medium,,Review and revise design standards for fire sprinkler installations to prevent similar issues in fut,The RFI addresses a design error related to fire sprinkler installations that could affect aesthetic,,"Referenced Documents: A2.01, 14/A9.12 Question: Fire sprinklers are currently penetrating RipTrack rips of drywall at different elevations at front of house locations. Both the Fire Sprinkler system and the Rips of Drywall are installed per plan however in order to remediate the aesthetic component,"
RFI-1755,Southline Office,,41593.0,4,narrow,medium,partial,Implement a thorough site investigation protocol for existing conditions prior to excavation.,The RFI highlights the importance of thorough site investigations to avoid unforeseen obstacles duri,,"Reference drawing: C6.6 During excavation for SDMH-5, A&B encountered unforeseen concrete that is in conflict with the new SDMH-5 location. After further investigation, A&B confirmed that the pipe is abandoned. Please confirm if this unforeseen concrete can be removed to allow installation of SDMH-5"
RFI-0855,Southline Office,"architectural, structural",41175.0,N/A,,,,,,,"Referenced Documents: A2.01, A4.03 At the south wall in the nook of the servery there is a low soffit between the two nook walls and a large duct above. The duct above does not allow for the two side walls to go up to the deck and support the soffit. Please confirm the following pertaining to the J "
RFI-1980,Southline Office,architectural,40983.0,N/A,,,,,,,"Referenced Documents: 6B/A6.03 Question: Detail 6B on A6.03 does not show the joint layout for the Mirror Glass (GL-2) directly behind the TV. Please confirm which mirror glass layout is desired from the 3 options provided in the mark-up attached. Additionally, please provide joint thickness dimensi"
RFI-1142.2,Southline Office,structural,40516.0,N/A,,,,,,,"Referenced Attachments: S2.2 Question: Refer to attached sketch 'SK-GC-501' Q1. Sections A-A, B-B & C-C on SK-GC-501 show the set-out for the canopy kickers. Please verify this is OK? Or advise otherwise. Q2. Refer to Section C-C, D-D & E-E on SK-GC-501. There are Kickers required on Grids 8 & 11 pe"
RFI-1119,Southline Office,structural,40516.0,N/A,,,,,,,"Referenced Attachments: A4.20, S6.3 Question: Please see attached ""SK-MC-025"" for queries noted below. Please note attached ""GC RFI #0906 - REF ONLY - SK-MC-020"" is for reference only. 1 - Please verify positions of HSS outriggers are acceptable or advise otherwise. 2 - Design drawings locate HSS8x8"
RFI-1119.1,Southline Office,structural,40516.0,N/A,,,,,,,"Referenced Documents: RFI-1119, SK-MC-025 1. Please verify positions of HSS outriggers are acceptable or advise otherwise. See question clarifications provided in blue. 5. Response to Q2 on GC RFI #906 notes ""Stud wall position by facade designer and/or architect"". No further information was provide"
RFI-0554,Southline Office,"architectural, structural",39903.0,N/A,,,,,,,"Ref: Detail 1/A7.21 Per coordination with SEOR, please confirm it is acceptable to install 1/2"" plate embed along edge of slab where railing stringer occurs. Where stringer occurs across beam stringer will be notched around beam. Where edge of slab is cantilevered off beam L6x6 angle will be install"
RFI-1916,Southline Office,,39776.0,N/A,,,,,,,"Reference Drawing C4.3 Currently there are two existing SDCB on C4.3 that is in conflict with the face of curb. The catch basin(#1) will need to be relocated 6"" away from the curb. Catch Basin #2 shows a conflict with new curbs as well. See attached. Please confirm it is acceptable to demo and repla"
RFI-0078,Southline Office,"architectural, interior_finishes",39588.0,N/A,,,,,,,Ref: A2.07 (95% CD drawing dated 08.26.22); Email correspondence with Katherine Moore/Salter dated 04.12.22 Please see email correspondence with Katherine/Salter confirming that sound absorptive material needs to be installed in the chiller room which is not shown in A2.07. 1. Please provide updated
RFI-0705,Southline Office,structural,39450.0,N/A,,,,,,,"Ref: Detail 4/A8.30, Detail 14/S5.01, WW2.00 This is a confirming RFI the attached S&S details for davit base and plate attachments to structure are acceptable. Please see attached for more information."
RFI-209,Silicon Valley Office,,39410.0,N/A,,,,,,,"Ref: Attached RFI-209 Markup; Architectural and structural drawings assume level grade at OES yard. Structural drawing PK2-S6.7.1 and Architectural drawing PK2-A6.8.1 has a 6"" curb above grade. Architectural drawing PK2-A6.8.1 has a 8'-0"" fence panel with 0'-4"" from top of curb to bottom of fence pa"
RFI-1049,Southline Office,structural,38759.0,N/A,,,,,,,"Ref RFI 939 response; J&K/A9.10; 1&4/A4.01; 1/A4.02; A4.03; 1/A9.72: This RFI is being written per PMA request. Details J&K/A9.10 call out for full-wall-height 3x3x1/8 HSS tube steel supports in J1 & K1 type walls no further than 8"" max from wall end and spaced at 4'-0"" on center. This condition exi"
RFI-167,Silicon Valley Office,,38668.0,N/A,,,,,,,"Currently, the PK2-A2.1.2.2B shows the storefront butting to the curtainwall mullion, while detail 32/PK2-A2.1.2B shows drywall “Partition as Scheduled, See plans”, between storefront and mullion mate. Additionally, the model does not show partition between the storefront and mullion mate. 1. Due to"
RFI-1067.2,Southline Office,,38432.0,N/A,,,,,,,"Ref: 2/S7.1, 4/S7.1, & RFI 1067: 1. Detail 2/S7.1 shows hooked vertical reinforcement bars - based on interior cell size of CMU block (no larger than 5-3/8"" x 5"" for full size block), the bar hook is likely to not fit within the wall. Please confirm vertical bar extending into top course of CMU wall"
RFI-1067,Southline Office,architectural,38432.0,N/A,,,,,,,"Ref Sheet A5.11A; 1,5,9/S7.1; Bid Exhibit 26 CMU Patterning: Based on the size of CMU blocks, spacing between doors, and required rebar reinforcement at doorways and control joints, the layout for CMU shown in 1&2/A5.11A cannot be accommodated. The attached document includes dimensioned lengths prov"
RFI-2087,Southline Office,,37319.0,5,,high,,Implement immediate remediation of the cracks using one of the proposed options to prevent further w,Water infiltration through cracks in concrete landings poses a serious risk to electrical fixtures b,,"Reference: SLP1 - RFI 2087 - PSD Stair 2 Concrete Landing Cracking Remediation Confirmation Sheet A7.02, E0.02, E2.03 Submittal 3472 - PSD Light Fixture (Product Data) Attached Pictures Background: At the Stair 2 concrete landings of Tiers 3-5, it is being noticed that water is seeping through the c"
RFI-0318.2,Southline Office,,36398.0,N/A,,,,,,,"Reference: RFI 0318, 0318.1, 0563 Q1: Per RFI 318, 318.1 and 563, stairs 1 and 2 are to receive AS250 non slip coating @ treads and landings. Per the product data, AS250 is a vehicular grade non slip coating and AS150 is a pedestrian grade non slip coating. Please note that AS250 comes in only two c"
RFI-1338,Southline Office,architectural,36398.0,N/A,,,,,,,"Reference: SLP1 - RFI 1338 - PSD Elevator Shaft Wall Paint Confirmation Email Correspondence Between DES and GPLA dated 01/18/2024 Post on A7.01 Per the job walk on 01/30/2024 and the email correspondence between DES and DPR dated 01/18/2024, please confirm that painting all 4 walls of the elevator "
RFI-0928,Southline Office,structural,35997.0,N/A,,,,,,,"Referenced Documents: A5.12, S2.2 Question: Please see attached ""SK-MC-008"" for queries 1-4. 1 - Please verify roof screenwall framing arrangement dimensions are acceptable or advise correct dimensions. 2 - Please verify roof screenwall framing levels as shown are acceptable or advise correct levels"
RFI-0928.2,Southline Office,structural,35997.0,5,,high,,Ensure that all structural support elements are installed as specified in the design documents to pr,The RFI highlights a critical structural concern regarding the support of the roof screen wall HSS p,,"Referenced Documents: RFI 0928.1 Response, S2.2 Question: Per RFI 0928.1 Response, #5 DBAs at each vertical plate were called out to be installed towards the North end of GL 9 Shear Wall in order to support the roof screen wall HSS post. Since DBAs were not installed prior to the TOW embed remediati"
RFI-1591,Southline Office,architectural,35054.0,4.5,broad,high,clear,Ensure that caulking specifications and color coordination are included in future design checklists.,This RFI emphasizes the importance of clear caulking specifications and color coordination in archit,,"Reference: SLP1 - RFI 1591 - PSD Caulking at Column and Spandrel Gaps Confirmation SLP1 - RFI 1378 - PSD Tex-Cote Application Extent Confirmation_Response Tremco Dynamic 100 Product Data and Color Chart Attached Picture Background: During the job walk of 04/12/2024, DES requested to add caulking at "
RFI-1420,Southline Office,plumbing,34291.0,4,category_specific,medium,partial,Ensure proper separation requirements are verified in future trench layouts to avoid conflicts with ,This RFI highlights a significant coordination issue regarding utility separation that could lead to,,"Reference Drawing: R20 DL JT4.0 Currently onsite there is a conflict between the JT and the existing waterline. As such, per PGE spec requirements and per the discussion with the PGE inspector, PEC was directed to have the JT extend so that it was at least 3’ separated from the water line horizontal"
RFI-1445.1,Southline Office,,34291.0,4,category_specific,medium,partial,Ensure proper utility separation during design and construction phases to avoid conflicts.,The proposed alternate joint trench route highlights a significant coordination issue with existing ,,"Reference Drawing: R20 DL JT4.0 Per response to RFI 1445, the JT has been shifted to allow for traffic control Stage 1 set up at Dollar and Linden Avenue. At the intersection of Dollar and Tanforan Ave, near the existing SD(highlighted in red in the attached file), the required 3' horizontal separat"
RFI-1630,Southline Office,,34291.0,4.5,broad,high,clear,Ensure trench depth and utility layout are verified against existing conditions during preconstructi,The RFI reveals a significant design consideration regarding trench layout and utility depth that sh,,"Reference Drawing: R20 DL JT4.0 At the location where the Joint Trench crosses over the SD lines(~15-20' section) there will need to be a change in the layout of the trench. This is coming about due to the fact that the existing condition with the SD pipe depth. Due to this condition, the standard r"
RFI-1369.2,Southline Office,architectural,34070.0,4,category_specific,medium,clear,Ensure all exhaust fan installations are reviewed for curb cap requirements to avoid similar issues.,Clarification on exhaust fan installation details is necessary to prevent potential installation iss,,"Referenced Documents: S2.2 Question: Due to exhaust fans not having curb caps when mounting onto the sleepers, details in RFI 1369.1 does not apply to these locations. Please confirm the attached detail markup is acceptable to install at all exhaust fan locations."
RFI-1060,Southline Office,,33527.0,N/A,,,,,,,Reference: SLP1 - RFI1060 - B1 Lavatory Counter Supports Alt. Configuration to Accommodate MEP Confirmation SLP1 - RFI0286.1 - B1 Lavatory Counter Support Configuration & Spacing Confirmation_R1 SLP1 - RFI0286.2 - B1 Lavatory Counter Support Configuration & Spacing Confirmation_R2 Post on: 4/A4.10 a
RFI-0745,Southline Office,concrete,33437.0,N/A,,,,,,,"Reference: SLP1 - RFI0745 - B1 Loading Dock CMU Dowels Chipping and Bending Confirmation Per conversations with JChen/DES, please confirm that it is acceptable to chip around dowels to allow a 6:1 bend to accomplish correct layout. References Files (1) SLP1 - RFI0745 - B1 Loading Dock CMU Dowels Chi"
RFI-301,Silicon Valley Office,,32645.0,N/A,,,,,,,L1 Duct Shift at Beam Pocket for Smoke Detector and Sprinkler Access
RFI-171,Silicon Valley Office,structural_steel,32558.0,N/A,,,,,,,"Ref: GPLA-SSK-A23r1 DPR Markup; Question: Where glulam posts are being installed at GLs K-L, there is up to a 2"" gap between bottom of GLB post and top of moisture barrier plate. Please confirm it is acceptable to use fire-treated, 2X lumber in lieu of pressure- treated plywood for bearing."
RFI-68,Silicon Valley Office,concrete,32558.0,N/A,,,,,,,"Ref: Issue #1984 Response, 13/GPLA_SSK_A13B; Question: Given haunch provided in Issue #1984 response, 13/GPLA_SSK_A13B, was not installed monolithically with grade beam, please provide an alternate detail for doweling in section of concrete."
RFI-172,Silicon Valley Office,,31456.0,N/A,,,,,,,Elevator Equipment Room 147 Shaft Rating Changes
RFI-0259.1,Southline Office,"electrical, plumbing, mechanical",31442.0,4,category_specific,medium,clear,Ensure thorough review of equipment specifications and placement during design phases to avoid simil,The RFI highlights the importance of equipment compatibility and placement in mechanical design.,,"Ref: M0.02, M2.01, M2.03, M2.05 (PSD PCR #2 dated 01.24.23), Cut Sheet for Aspen Daikin Condensate Pump This is a revision to RFI0259. The added pump at Fire Pump Room 112 is no longer required as the FCU has been moved to the north wall and placed at a higher elevation. Beside, we would like to use"
RFI-306,Silicon Valley Office,,30863.0,N/A,,,,,,,Service Elevator Exposed Ledge inside Hoistway Condition- Bevel Requirement
RFI-2064,Southline Office,,30838.0,N/A,,,,,,,"Reference Drawing: Offsite C6.1 and C6.2 During excavation for the new San Bruno 12"" water relocation on Huntington Ave, A&B crew encountered an unforeseen concrete obstruction. A&B are seeking clarification & direction on the following: 1) Speaking with BART Engineer Deepak Sohi, it is acceptable t"
RFI-1276,Southline Office,,29765.0,N/A,,,,,,,B1 - Air Handler Room Coils Head Gap Closure
RFI-0342,Southline Office,"architectural, electrical, mechanical",29175.0,N/A,,,,,,,Ref: A2.07 (B1 SI-02 dated 01.10.23); Email Correspondence with DES/DPR Drywall/Sprig/CMI dated 03.24.23 This is confirming RFI. Please confirm that it is acceptable to add a room for VFD. The room doesn't need to be insulated. See markup on A2.07.
RFI-1628,Southline Office,"architectural, electrical",28180.0,N/A,,,,,,,Ref: TC2.01 Please advise on locations for the (3) required additional electrical receptacles for Printers. Please identify height and exact location for each receptacle. See attached for more information.
RFI-38,Silicon Valley Office,,27743.0,4,category_specific,medium,partial,Implement a checklist for verifying intumescent coating requirements and shaft wall details in futur,This RFI highlights important design and code compliance considerations for rated shaft conditions.,,SmithGroup please confirm and respond to the following conditions on pages 1-3: 1. Condition #1 a. Please confirm proposed L2 North Shaft detail by Drywall is acceptable 2. Condition #2 a. No action item for SmithGroup 3. Condition #3 a. Please confirm extent of code required intumescent to protect 
RFI-0551,Southline Office,structural,27425.0,N/A,,,,,,,"Reference: SLP1 - RFI0551 - B1 L3 Balcony Embed Detail Confirmation Q1: Please confirm the vertical DBA bar is to be field welded to the top angle. Q2: Please confirm the length of the angle is to be 16"". Q3: Please confirm top angle is to be an L6X6X1/2. Also confirm that angle is not galvanized as"
RFI-0133,Southline Office,,27266.0,N/A,,,,,,,"Reference: A2.07S, S2.08, A2.08, A2.08S, A5.37, A8.23 SLP1 - RFI 0133 - B1 Clarification on EOS, details, and bent plate requirement @ Penthouse 1. We understand that the marked dimensions are shown for the elevator overrun concrete curb/raised slab, and we propose to follow the EOS dimensions for t"
RFI-0355,Southline Office,"architectural, structural, mechanical",27266.0,N/A,,,,,,,B1 Roof Deck Opening for Mechanical Duct
RFI-23,Silicon Valley Office,,27000.0,N/A,,,,,,,"(1) Are holes required to be pre drilled in CLT panel prior to installing SDS25300 screws?
what holds the screw? What is the OC screw pattern?
(3) What finishes are being applied to the outer and inner faces of the double track?"
RFI-0296,Southline Office,,26976.0,N/A,,,,,,,"Reference: SLP1 - RFI 0296 - B1 Embed at service elevator pit confirmation Q1: According to email conversations with Kone on 2/16, this embed dimension (inside of wall to center of embed) needs to change from 5'-6"" to 5'-1 3/8"". Please confirm that this is acceptable."
RFI-0324,Southline Office,,26976.0,N/A,,,,,,,"Ref: S5.00, S2.08 Q1: At marked location we have applied Detail-19/S5.00 per design drawing. But in Tier-4 approval returns, it is been commented to apply Detail-20/S5.00 for left end beam connection of column only (cantilever beam). The Moment connection, Detail-20/S5.00 is applicable for both side"
RFI-1006,Southline Office,"architectural, mechanical, exterior_envelope",26871.0,N/A,,,,,,,"Ref: M2.07, A2.07, A5.13 (B1 Si-05 dated 07.14.23); Email Correspondence with Pavit/CMI dated 09.27.23 This is confirming RFI. Mechanical sheet M2.07 calls out an 8 sf NFA louver on the plan east wall near GL 17.9 for Chiller Room 708. This louver is absent from A2.07 and Detail 4 on sheet A5.13. Th"
RFI-0693.1,Southline Office,,26871.0,N/A,,,,,,,"Per conversation with the SEOR on 7/12/23, please confirm that the response to RFI 0693 should be updated to reflect the following. Where 6"" studs occur, it is acceptable to proceed with a single 20 gauge stud for all backing details (Detail 9,10,11"
RFI-2079,Southline Office,"architectural, structural",26621.0,N/A,,,,,,,"Reference: SLP1 - RFI 2079 - B1 - Loading Dock Concrete Remediation Confirmation Punch Items #5360 and #5966 Attached Pictures and Markups Ardex ERM Product and Technical Data DPR proposes to provide new skim coat at the location of the stained concrete. Additionally, a buildup would be provided whe"
RFI-1679.1,Southline Office,architectural,26582.0,4.5,broad,high,clear,Ensure all parking stall designs meet local code requirements during the design phase.,The RFI identifies a code compliance issue with parking stall dimensions that should be addressed in,,"REF: Site - B2 Current Set: C2.11, RFI 1679 POST TO: Site - B2 Current Set: C2.11 Please review the attached file. Per measurements in the field and measurements of the striping plans provided in response to RFI 1679, two (2) parking stalls at the south end of the B2 parking lot are only 7'-6"" wide."
RFI-1679,Southline Office,signage,26582.0,4,category_specific,medium,partial,Ensure that all parking lot designs include a review of striping requirements based on project speci,The RFI highlights the importance of verifying parking lot striping requirements during the design p,,"REF: Site - B2 Current Set: C2.11 POST TO: Site - B2 Current Set: C2.11 Please review the attached file. Per Lane Parners' request, additional striping will be required for retail parking spaces at the B1/B2 parking lot. Please provide a drawing denoting this additional striping."
RFI-54,Abbott Alameda Office TI,,26003.0,4,broad,high,clear,Implement a checklist for emergency lighting requirements during the design review phase.,The omission of emergency lighting in the design led to a costly change order due to necessary desig,,"Reference: RFI 54 - Abbott Alameda 1420 HBP - EM Lighting Clarifications CBF RFI 2 Sheets E3.3, E3.4, A2.2.2 The RCP on E3.3 and E3.4 do not show any emergency lights in the space. Approved light fixtures can be powered with Bodine batteries. Question: Please confirm if it's acceptable to provide ba"
RFI-51,Abbott Alameda Office TI,"architectural, electrical",26003.0,4,broad,high,clear,Implement a checklist for verifying existing conditions and ensuring clarity in electrical layouts d,"The RFI resulted from inadequate documentation of existing conditions, leading to costly design chan",,Reference: RFI 51 - Abbott Alameda 1420 HBP - Restrooms Electrical Outlets Layout Clarification Sheets A4.4.0 and E2.3 Attached Pictures of Existing Conditions at Restrooms Electrical drawings do not clearly show existing electrical outlets in the restrooms. Elevation plans show (2) outlets being in
RFI-160,Silicon Valley Office,,25894.0,N/A,,,,,,,"Ref: Attached A&B RFI 14 with DPR markups, latest email correspondence dated 1/27; Revised Question: A&B's vendors confirmed Oldcastle Flogard Catch Basin Insert Filter (Detail 11/C10.5) is not compatible with 12"" NDS Catch Basin (Detail 3/C10.5), no devices on COSC approved list are compatible with"
RFI-136,Silicon Valley Office,,25894.0,N/A,,,,,,,"Ref: Attached RFI-136 Email Correspondence, A&B RFI-012, PK2-C6.5; Question: At the storm drain location marked on PK2-C6.5: 1) Please confirm it is acceptable to abandon the existing 6"" pipe that was found to have a 4"" pipe inside and that the intent is for a 6"" pipe running west to east. 2) Please"
RFI-0864,Southline Office,structural,25676.0,N/A,,,,,,,Reference: SLP1 - RFI0864 - B1 Grating at Fan Rooms Confirmations Post on: A2.07S and M2.07 Q1: Please see size of opening for grating at the passenger elevators on sheet A2.07S. Please see size of opening for grating at service elevator on sheet M2.07 per RFI0847. DES to confirm. Q2: On the attache
RFI-0008,Southline Office,structural,25410.0,N/A,,,,,,,"Reference: Herrick_SK_31A 1. Referencing Sheet S2.02 near the passenger elevators, please confirm the 10'-6 1/2"" N/S and 3'-0 1/4"", 13'-2 1/4"", & 3'-3 1/2"" E/W dimensions are typical on levels 3 thru 6. 2. Referencing Sheet S2.03 - in the mill order set of drawings, an 8'-0"" locating dimension was c"
RFI-2099.1,Southline Office,,25040.0,4,narrow,medium,clear,Implement proper sloping in areas prone to ponding to prevent water accumulation.,The RFI highlights a design oversight regarding water drainage that could affect future projects.,,"During original punch walk issue 5051 was created for ponding in front of Stair 2. It was noted during a subsequent punch walk that there was additional ponding on the East side of the stairs, between truncated domes and stairwell. Please see attached heat map of the area. Note that there is minimal"
RFI-13,Silicon Valley Office,,24869.0,4.5,broad,high,clear,Ensure insulation thickness and type are verified against performance models in future designs.,Clarification on insulation thickness requirements highlights the importance of verifying energy per,,Roof Vertical Rigid Insulation Thickness Clarification
RFI-1603,Southline Office,"architectural, mechanical",24575.0,N/A,,,,,,,"Ref: Spec Section 114000, pg 75-79 (Item R1000 - Remote Refrigeration Package): Sections E & F call out for monitoring systems such that ""Control system shall be interconnected to the local area network and be capable of sending alarm alerts via mobile telephone or e-mail."" This RFI is requesting cl"
RFI-172.1,Silicon Valley Office,,24428.0,N/A,,,,,,,Elevator Equipment Room 147 Shaft Rating Changes - (V497 & UL I514)
RFI-1117,Southline Office,architectural,24290.0,4.5,category_specific,medium,clear,Ensure alignment of architectural features with operational equipment during design phase.,This RFI highlights a design conflict that necessitates modification to ensure proper functionality ,,"Per A2.07 and WW 1.02 the southernmost outrigger for the Window Washing equipment is to be installed along gridline XG.2. This also aligns with S2.08 which shows a W8x31 beam 4' 4"" from gridline XG for the outrigger to attach to. This would place the operable louver section on the north half of the "
RFI-0072.2,Southline Office,"architectural, concrete, electrical",24129.0,N/A,,,,,,,"Ref: A4.00 (B1 SI-02 dated 01.10.23) The Walker Duct at the Lobby Desk in B1 will have power and data conduits feeding each separate length. The Walker Duct at the Turnstiles will only have 1-2"" conduit feeding each separate length (for Low Votage) as the turnstile that was used as BOD, only require"
RFI-0072,Southline Office,"architectural, electrical",24129.0,N/A,,,,,,,"Ref: A4.00 (95% CD drawing dated 08.26.22) 1. (a) Please provide location for the walker duct, for the future reception desk. (b) Please confirm an acceptable wall to access the riser for the reception desk. (c) Please provide the number of duplexes required at the reception desk. The reason being i"
RFI-1012,Southline Office,"electrical, structural",23974.0,4,category_specific,medium,partial,Ensure proper coordination of infrastructure rough-in for lighting and AV systems in future designs.,This RFI highlights the need for improved coordination in infrastructure rough-in for lighting and A,,"Reference: BLDG2 - A6.03, A9.51, E2.01, AV2.01 Per coordination with Sprig and DES, please advise on infrastructure rough in and attachment for light fixtures and TV located on the bar drum. For rough in of infrastructure, one proposed method was through the HSS 8x0.250 central pipe for the bar drum"
RFI-1282,Southline Office,,23879.0,N/A,,,,,,,"Reference: A2.01, A9.20, SC2.01 1. Doors 111 (Service Corridor) and 126 (Office) do not have electrified hardware or card readers per door schedule as shown on A9.20. However, plan view on SC2.01 shows card readers and electrified hardware for the two doors referenced. Please advise if doors 111 and"
RFI-1036,Southline Office,,23598.0,N/A,,,,,,,"Reference: A1.02, S1.01 Description: Per the attached documents there is a pipe sleeve that is currently sitting with one of the added beams per RFI-091. The sleeve currently extends 5 1/2"" into the beam (see attached). The sleeve itself is 14"" in diameter. I have attached the rebar shop drawings fo"
RFI-1549,Southline Office,,23488.0,N/A,,,,,,,There is a storm line at Level 6 stair 2 vestibule that is exposed in the stairwell. This is not acceptable per Section 10 of the IBC. A 2 hour rated soffit is suggested to encapsulate the line and separate it from the stairwell. See attached photos for more information and dimensions. 1. Please pro
RFI-1612,Southline Office,,23488.0,4,category_specific,medium,partial,Ensure caulking product specifications are reviewed and approved before installation.,Clarification on caulking product use at CMU joints and door frames is necessary for proper installa,,"Reference: SLP1 - RFI 1612 - B1 Service Yard CMU Caulking Confirmation SLP1 - RFI 1206 - B1 Gen. Yard CMU Added Joints Confirmation_Response Per RFI 1206, added CMU control joints at the B1 Service Yard got installed for ease of installation for a future tenant generator. Question 1: Please confirm "
RFI-0988,Southline Office,,23339.0,4.5,category_specific,high,clear,Ensure that all VIMS system installations include a checklist for minimum slab thickness and pipe te,This RFI emphasizes the importance of considering minimum slab thickness for proper VIMS system inst,,"Reference: BLDG2-A2.01S, BLDG2-S5.2, RFI-0885, Submittal #s 4029, 4085, 4086, 4162, & 4267 Refer to detail D5 from Submittal #4267 (B2 - VIMS Shop Drawings). VIMS system requires a minimum of 3"" of bare pipe to allow proper termination of pipe penetrations. In coordination with BMC, floor sinks, flo"
RFI-1256,Southline Office,,22930.0,4.5,category_specific,medium,clear,"Ensure that future projects include a checklist for bird safe design elements, including mechoshade ",The identification of mechoshades for bird safety is a valuable lesson for future environmentally-fo,,"Reference: A2.01 Q1: Per Dona Shah during 1/5/24 site walk, mechoshades will be required in the Level 1 back of house areas to meet the bird safe design intent. Please advise on the exact locations, mounting details and mechoshade types (fixed, manual, automatic)."
RFI-1502,Southline Office,,22641.0,N/A,,,,,,,"REF: Site - Onsite Current Set: 6,9/L8.02 POST TO: Site - Onsite Current Set: 6,9/L8.02 Please review the attached file. Details 9 & 6 on sheet L8.02 show a maximum height of 1' 6"" from the top of the seatwall to the top of the concrete paving. However, the elevations provided on sheet L2.20 exceed "
RFI-1746,Southline Office,,22592.0,4,category_specific,medium,partial,Ensure compatibility checks for existing and new pipe materials are conducted before installation.,The RFI addresses a significant coordination issue that could lead to rework if not managed properly,,"Reference Drawing: Offsite C6.6 During excavation, A&B encountered a concrete collar between the existing 42"" Storm Drain and 24"" Sanitary Sewer. The existing 42"" Storm Drain is to be removed & replaced with a new 42"" RCP storm drain. There is no way to remove the 42"" storm drain without damaging th"
RFI-1447,Southline Office,structural,22490.0,4,category_specific,medium,clear,Implement a checklist to ensure all comments are captured in revisions of submittals.,This RFI highlights the importance of capturing comments in submittals to prevent minor rework.,,"Reference: SLP1 - RFI 1447 - PSD Elevator Steel Tier 6 Misplaced Embed Remediation Confirmation Glazier Steel Shop Drawing Sheet AB2015 and AB2016 Email Correspondence between GPLA/Armando and DPR/Luis Background: In the returned submittal 2917, embed at Tier 6 for the elevator steel was to get relo"
RFI-2006,Southline Office,,22439.0,4,narrow,medium,partial,Ensure caulking specifications are clearly defined in future projects to avoid confusion.,Clarification on caulking requirements at material intersections is essential for aesthetic consiste,,Reference: SLP1 - RFI 2006 - PSD Elevator and Stair Tower Plaster Caulking Confirmation ACC Punch Item #5078 and #5471 Attached Pictures Background: Please refer to the attached pictures for clarity on the exact locations that are to receive caulking in the elevator and stair tower. Question: Please
RFI-1407,Southline Office,"architectural, landscaping",21963.0,N/A,,,,,,,"REF: Site - B2 Current Set 14/L80.4 POST TO: Site - B2 Current Set 14/L80.4 Per detail 14/L8.04, only the product for the hollow log site furnishing is shown. Please provide a detail for the hollow log foundation."
RFI-0116,Southline Office,,21915.0,N/A,,,,,,,"Reference attachment. Q1. At the level 2 canopy area, the HSS 10X6X1/2"" are framed with a W30x173 girder, and we have to provide the continuous L6X6 angle with the outrigger per detail-12/S5.50 for the deck support. Please advise on the arrangement of the outrigger and L6X6 continuous angle at this "
RFI-0139,Southline Office,"plumbing, structural",21915.0,N/A,,,,,,,Ref: P4.06 (dated 11.22.22) Please see the attached drawing showing plumbing penetrations through the beams of level 6 on building 1. Please confirm these penetration locations are acceptable.
RFI-7,Silicon Valley Office,"architectural, fire alarm, mechanical, structural",21907.0,N/A,,,,,,,Service Elevator 337 Hoistway Vent Clarification
RFI-1251,Southline Office,"architectural, fire_protection",21903.0,4.5,category_specific,medium,clear,Ensure that all doors in smoke control areas are equipped with adjustable door sweeps as per code re,The RFI highlights the importance of including adjustable door sweeps for smoke control compliance.,,"Reference: SLP1 - RFI1251 - B1 Stairs and Stair Vestibule Add of Door Sweeps Due to Smoke Control Report Confirmation Southline - B1 Smoke Control Report Excerpt Sheet A9.20 DES Hardware Schedule Excerpt Submittal SLP1 - 3938-081113-R1 - Doors, Frames and Hardware Shop Drawings_R2 Background: Per th"
RFI-1894,Southline Office,architectural,21857.0,4,narrow,medium,partial,Ensure that embed installations are verified against design tolerances during preconstruction.,The RFI highlights an issue with bollard embed tolerances and acceptable corrective measures.,,"Reference: SLP1 - RFI 1894 - PSD Remediation for Depressed Bollard Embeds Confirmation Glazier Bollard Embed Shop Drawings Email conversation between DES and DPR Issue Detail Created 08.01.2024 Background: Prior to deck pours, bollard embeds were installed per the design drawings. Per ACI, the surfa"
RFI-1483,Southline Office,"architectural, landscaping",21814.0,N/A,,,,,,,"REF: Site - B2 Current Set: L8.06 POST TO: Site - B2 Current Set: L8.06 Please review the attached file. Per constructability coordination meeting on 03/12/24, DPR and DES discussed several questions regarding the details of the decorative fence and gate to be installed between Buildings 1 and 2. Pl"
RFI-0286,Southline Office,,21360.0,N/A,,,,,,,"Reference: SLP1 - RFI0286 - B1 Lavatory Counter Support Configuration & Spacing Confirmation Q1: On details 2/A4.10 and 4/A4.10 show (2) lavatory counters for men and women at each level. Per sheet A9.40, no cut sections for the configuration of these counter support brackets were provided. Please c"
RFI-0286.2,Southline Office,"plumbing, structural, architectural",21360.0,4,category_specific,medium,partial,Ensure all structural connection details are clearly specified in submittals to avoid ambiguity.,Clarification of paint specifications and connection details for lavatory counter supports is necess,,"Ref: ASK-01 (DES Lavatory Drawing dated 08.24.23): Submittal 3849-055000-0-B1 Lavatory Counter Supports_R1 Post: 2&4/A4.10, 20/A9.40 Per comments on the approved Lavatory Counter Supports Submittal, please confirm the following: 1. Per note on approved submittal, please confirm the paint color for t"
RFI-0935,Southline Office,,21230.0,4,category_specific,medium,partial,Ensure coordination between structural and electrical designs for shear walls in future projects.,This RFI highlights the need for better coordination between structural and electrical requirements ,,B2 - Structural - Shear Wall Electrical Rough In Requirements
RFI-2002,Southline Office,"architectural, electrical, mechanical, structural",21153.0,4,category_specific,medium,partial,Implement a checklist item to verify the alignment of prefabricated elements with design plans durin,This RFI underscores the need for thorough verification of prefabricated components against design s,,"Ref: RFI-1269, Submittal 4234, A3.01 The ceiling fan for the Group Exercise room mounts directly to the electrical j-box that is recessed in the mass timber roof deck. The location of the 4"" penetration for the recessed electrical j-box was prefabbed into the mass timber roof deck per reviewed submi"
RFI-227,Silicon Valley Office,structural_steel,20916.0,N/A,,,,,,,"The bolt passing through the holes in the beam needs to be centered to allow for the minimum required 1 1/2"" wood plugs on both sides. Currently, when we tighten the nut, the bolt is off-center, which prevents the 1 1/2"" plug from fitting on one side. To center the bolt in the beam, DPR Concrete rec"
RFI-35,Silicon Valley Office,,20871.0,5,,high,,Implement rigorous inspection protocols to ensure columns are plumb before proceeding with further c,The out-of-plumb condition of the column poses critical structural and safety risks requiring signif,,"Ref: Attached RFI-035 Markup Question: Existing W14x99 is out of plumb. To bring bottom of column back in alignment, it is proposed to: 1) Remove the grout at the bottom of existing column. 2) Loosen anchor bolts and separate the column from baseplate. Due to there being no welded bottom connection "
RFI-0831,Southline Office,"fire_protection, structural",20539.0,N/A,,,,,,,"Ref: FP1.01 (PSD SFFD Comments dated 04.07.23); S7.00 (PSD SI-04 dated 06.07.23) Post: S7.00, S2.02 (PSD SI-04 dated 06.07.23) This is confirming RFI. Please confirm that the steel beam penetration at L1 Stair Tower 1 is acceptable. The size of the penetration is 2""."
RFI-0300,Southline Office,,20279.0,N/A,,,,,,,Reference: SLP1 - RFI 0300 - B1 Service yard access ladder detail clarification 0612-07-1416-0: B1 Cold-Fuid-Applied Waterproofing Shop Drawings Q1: Keynote 124 calls out for an access hatch and SS access ladder. Please provide a connection detail for access ladder. Q2: DES comment states that acces
RFI-263,Silicon Valley Office,,20199.0,N/A,,,,,,,"Ref: Attached RFI markup; GLT panels over the wedge area are not sitting flush over wedge steel (i.e. there are various gaps between top of steel and bottom of panel). Given as built information, please provide structural solution to get wedge steel and GLT panels in alignment and to intended elevat"
RFI-1513,Southline Office,,20027.0,N/A,,,,,,,B1 L1 Soffit at Control Damper Detail
RFI-93,Silicon Valley Office,,19722.0,N/A,,,,,,,Fire Pump Room Water Flow Bell
RFI-1285,Southline Office,electrical,19198.0,N/A,,,,,,,"Reference: SC2.01 Per coordination with Sprig, WBE, and DPR, DES design team please advise on the following: 1. Layout dimensions for all security cameras inside the building. 2. Layout dimensions and heights for all security cameras mounted to the exterior building face."
RFI-1024,Southline Office,"architectural, concrete",18562.0,N/A,,,,,,,"Ref: A2.03S Due to discrepancies in slab plan as well as incorrect layout, please confirm it is acceptable to bush slab 1"" down at depressions for balcony pavers to meet design intent to have pavers go below terracotta system. Please see attached for more information."
RFI-0942,Southline Office,"concrete, structural",18562.0,N/A,,,,,,,Ref: A2.07S (SI-05 dated 07.14.23) Post: A2.07S (SI-05 dated 07.14.23) The drains located at the floating slab were set in the incorrect location (See attached drawing). Due to this the highlighted end (yellow) will not be able to slope to these drains. It it proposed to float the slab with high str
RFI-1278.1,Southline Office,,18349.0,N/A,,,,,,,"Referenced Documents: E1.00, A5.11 Question: Per RFI response 1278, DES confirmed the preferred method of attachment as well as confirmed the E19 layout along the west elevation, however, based on the force of the tension cables additional reinforcement within the walls will be required to accommoda"
RFI-1550,Southline Office,architectural,18349.0,N/A,,,,,,,"Referenced Documents: E1.00, A5.11, 2/A8.02 email correspondence with DPR/DES Question: Please see B2 E19 Light Fixture Mounting Detail questions we have marked up in the document attached. For context, Sprig will be providing the E19 Light Fixture ONLY, however, we would need DES/Holmes to design t"
RFI-1546,Southline Office,architectural,18322.0,N/A,,,,,,,"Ref 1/A9.51: 1. Bar drum section cut calls out for a ""3form cylinder panel"". No specification for panel type or thickness is provided. Please provide specification for this material. 2. Please provide thickness & height of 3form panel"
RFI-37,Intuitive Surgical MOB,,18237.0,4,broad,high,clear,Implement a thorough review process for acoustical requirements in design documents to ensure all ne,"The RFI resulted from inadequate initial design specifications for noise mitigation, leading to a co",,"Comment on Submittal #233000-02 -Level 2 and 3 Ductwork Shop Drawings stated ""Per Salters recommendations, ISI has directed to provide gypsum board backed ACT (NRC 0.90 or above) to mitigate any potential noise from the following units."" Please confirm the product and locations of the gypsum board b"
RFI-1166,Southline Office,,17916.0,N/A,,,,,,,B1 North Penthouse Canopy Sprinkler Design
RFI-1008,Southline Office,fire_protection,17858.0,4.5,category_specific,high,clear,Ensure timely submission and approval of deferred submittals to avoid construction delays.,The RFI highlights the importance of managing deferred submittals to prevent construction delays.,,"Reference: BLDG2 - FP1.01, A10.01 The IBR is included in the fire sprinkler drawings which is a deferred submittal for the building permit set. The deferred submittal has not yet been submitted/approved, so the IBR cannot be inspected/signed off in time to meet the slab on grade pour date per the co"
RFI-1652.1,Southline Office,architectural,17633.0,4,category_specific,medium,partial,Ensure proper transition details are reviewed for compliance with health department requirements in ,The RFI highlights a design consideration for transitions that may affect compliance with health sta,,"Referenced Documents: A2.01, A10.01, 12/A9.60, RFI 1652, RFI 1752 Question: Due to Eco-Grip flooring thickness, we are unable to create a transition from floor to Glu-lam columns in the kitchen that would allow for a cleanable surface as required by the health department. Please confirm it is accept"
RFI-139,Intuitive Surgical MOB,architectural,17500.0,4,broad,high,clear,Implement a standardized review process for submittals that cross-references contract drawings to en,"The RFI revealed a significant miscommunication regarding the scope of AV niches, leading to a costl",,Reference: Submittal 064116-03-1 - Millwork Shop Drawings (Level 1) Enlarged Lobby Plan / A5.11 Detail 11 & 13/A5.12 Detail 1/A9.12 Question: RMW submittal comment for 064116-03-1 - Millwork Shop Drawings (Level 1) notes that no framed niche is in scope at Circulation 1002. RMW submittal comment als
RFI-159,Silicon Valley Office,,17445.0,N/A,,,,,,,"Ref: Attached DPRC RFI-052 with DPR markups, Timber Framing Details PK2-S4 Series; Please confirm: 1) Contract drawings (PK2-S4 Series) only show washers on top of base plate. Please confirm washers are required as highlighted in RED in the attached detail, below bottom of base plate. 2) Please conf"
RFI-150,Silicon Valley Office,,17445.0,N/A,,,,,,,"Ref: Attached RFI-150 DPR Markup; Question: Pieces 10091A at GL-3/A and 10092A at GL-3/L conflict with existing elevations for mass timber steel connections. GPLA, please provide solution to address elevation discrepancy while maintaining connection of mass timber to steel."
RFI-264,Silicon Valley Office,,17445.0,N/A,,,,,,,"Ref: Attached RFI-264 Markup with photos; At floor slab leading up to lobby elevator on Levels 2 and 3, there is no existing angle at the edge of slab. Additionally, there is no metal deck at these floor slabs. Therefore, Detail A/S5.1.3A cannot apply with existing conditions. QUESTION: Please provi"
RFI-59.1,Silicon Valley Office,,17445.0,N/A,,,,,,,"Ref: RFI-059, Attached 2024-12-12 GL3 MT Connections Fix - PRELIMINARY, Attached 2024-12-13 GL3 MT Connections Fix (Tentative) - 2024-12-12 Meeting Recap; While installing mass timber steel plates along GL-3. it was flagged that elevations of steel still varied from the required design elevation. Pl"
RFI-0559,Southline Office,,17386.0,N/A,,,,,,,"Reference: A8.00, A8.01 Q1: Please confirm that waterproofing details 1A and 1B A8.00/ Detail 8 are not applicable to the PSD waterproofing scope. Q2: If these waterproofing details are applicable to the PSD waterproofing scope, please provide a marked-up floor plan and cut section locating these co"
RFI-1524,Southline Office,"architectural, electrical, structural",17368.0,2,narrow,low,clear,Ensure all shelving installations are reviewed for weight and backing requirements.,"This RFI seeks clarification on shelving specifications, which is a routine detail.",,Please provide details for the revised and added wall-mounted shelving at Coffee and Bar back walls. Please also provide the fully loaded weight and backing requirements (flat strap or notch back).
RFI-1524.1,Southline Office,"architectural, electrical, structural",17368.0,2,narrow,low,unknown,Ensure all mounting details are verified during design phase.,This RFI addresses a routine clarification for mounting details without significant implications.,,Please provide updated mounting details for the revised and added wall-mounted shelving via Z-clips at Coffee and Bar back walls.
RFI-1156.1,Southline Office,structural,17304.0,N/A,,,,,,,"Referenced Documents: RFI 1156, A2.01, A4.02 Question: Please confirm that at all interior storefront glazing partitions the partition height is to be 15' high per the approved Walter's & Wolf Curtainwall Shop Drawings (13 and 14/2.03). If so, please provide a revised detail where the drop can go do"
RFI-1156,Southline Office,"architectural, structural",17304.0,N/A,,,,,,,"Referenced Documents: A2.01, A4.02 Question: There is a soffit above door 104 between rooms 101 and 104. Currently the designed soffit requires kickers and that is how it is shown in the model. There was a request from the design team to remove the kickers. To remove the kickers you would need to ad"
RFI-0895,Southline Office,,17036.0,3,category_specific,medium,partial,Ensure proper coordination of access panels and balancing dampers in future designs.,This RFI highlights a common coordination issue that can lead to minor rework.,,B2 - Remote Balancing Damper Location Clarification per Access Panel Coordination
RFI-1409.1,Southline Office,,16870.0,5,,high,,Immediate review and update of flashing details in the construction documents to prevent further wat,Critical water intrusion issues due to inadequate flashing details at plaster transitions.,,"Reference: SLP1 - RFI 1409 - PSD Flashings at Terracotta-Plaster Transitions Confirmation Details 19/A8.13, 20/A8.13 RFI 1409 provided head and sill details for plaster walls at Up-Turned beams at Tier 4 and 5 on NW and NE corners. However, after the RFI was answered, alternate details were provided"
RFI-126,Silicon Valley Office,,16736.0,N/A,,,,,,,"Ref: Attached RFI-126 Markup, 9/PK2-S3.4.2, Shop Drawing E106, 402A, 03-07-01; Question: Embed plate for collector is 1/2"" low. In order to bring embed to design elevation, please confirm it is acceptable to install a shim plate. 1) Please confirm a 11""x17""x1/2"" shim is acceptable to weld to embed. "
RFI-257,Silicon Valley Office,,16736.0,N/A,,,,,,,"Ref: Attached email correspondence; Please refer to responses provided in email - copied into the suggest answer box below. This is similar to RFI-126 and RFI-246. QUESTIONS: 1) In order to bring embed to design elevation, please confirm it is acceptable to install a shim plate. 2) Please confirm a "
RFI-255,Silicon Valley Office,,16736.0,N/A,,,,,,,"Ref: Attached DPR RFI-255 Markup; At HSS16x16x3/4 installed at GL-3/L-M, the steel does not reach GL-3/L column in field. A shim plate is proposed for the HSS connection. Questions: 1) Please confirm acceptable to add 1/4"" shim plate, to be dimensioned 1/2"" all around larger than p1803 - PL 1/4""x1'-"
RFI-246,Silicon Valley Office,,16736.0,N/A,,,,,,,"Ref: Attached RFI-246 Markup, 9/PK2-S3.4.2, Shop Drawing E2, Shop Drawing 03-07-01; At GL-M Shear Wall in field, the top of embed plate is flush with the top of GLT panel. Plywood sheathing is 23/32"" thick, meaning there will be approximately a 23/32"" gap between top of embed plate and bottom of col"
RFI-0697,Southline Office,,16721.0,N/A,,,,,,,"Reference: A4.02 Q1: Per conversation with Architect on 7/3, the clouded wall thickness will be updated. Please clarify and provide an updated sketch."
RFI-0663,Southline Office,,16721.0,N/A,,,,,,,References: A4.12 Q1: The C4 wall type does not have drywall on one side and instead has sheet metal. Enlarged roof plan shows C4 walls and shows note 479 for walls to be lined with sheet metal. Note 479 does not appear on other C4 walls at roof. Please see attached A4.12 and confirm sheet metal loc
RFI-1879,Southline Office,architectural,16658.0,4,category_specific,medium,partial,Ensure that any changes to wall structures are reviewed for code compliance and structural integrity,"The RFI highlights the need for careful consideration of plumbing encasement in design, which could ",,"Referenced Documents: A4.03, A9.73 Question: Please see photos on the next page. Along 5 line just south of GL B/5 there are four plumbing pipes that are out of the Trimark food service die walls. It seems the best way to encase them into the bar drum is to build a new pony wall under the bar top al"
RFI-1397,Southline Office,architectural,16115.0,N/A,,,,,,,"Referenced Documents: Sheet AR-08 from approved below grade shop drawings (4286), 20/A8.01 Question: Per detail 20/A8.01, the below grade waterproofing is shown to extend ""to edge of footing"". Approved below grade shop drawings (4286) sheet AR-08 currently shows the condition for waterproofing to te"
RFI-0797,Southline Office,"structural, concrete",16072.0,4,category_specific,medium,clear,Ensure that rebar detailing for DBAs is thoroughly reviewed and confirmed during design and construc,This RFI highlights the importance of verifying structural details to prevent potential issues durin,,"Reference: S2.07. S7.02 (Detail 17 and 18) Description: 1. Per attached photos and details the DBAs around the elevator overrun were only welded at 12"" O.C. per detail 15 & 19 / S7.02. Due to this the required added DBA's shown in detail 17 & 18 /S7.02 are not installed. Per discussion with SEOR the"
RFI-0797.1,Southline Office,structural_steel,16072.0,N/A,,,,,,,"Reference: RFI 0797 Q1: Q1: Per conversation with the SEOR, please confirm continuous #3 ties at 6"" OC are acceptable. Please note that this continuous #3 bar will be catching 8 DBA's. Q2: Showing added #5 dowels - per conversation with the SEOR, please confirm if additional reinforcement should be "
RFI-1388,Southline Office,,15937.0,4,category_specific,medium,partial,Ensure thorough review of existing utilities before conduit installation.,"The RFI highlights a coordination gap between conduit installation and existing utilities, which is ",,"Reference: R20 DL JT 4.0 For the section(PST) of JT being installed at the Linden Dollar Intersection, there is a conflict with the PGE HV duct bank and JT(PST). See attached. Per JT3.0 conduits for JT(PST) are to be installed at 55"" deep. However, due to the PG&E HV duct bank running through this r"
RFI-55,Abbott Alameda Office TI,,15861.0,4,broad,high,clear,Implement a checklist for structural detail verification during the design phase to ensure all neces,The lack of structural details in the design led to a costly change order for reinforcement of the g,,"Reference: RFI 55 - Abbott Alameda 1420 HBP - Grease Duct Framing Clarification ASK-13 R1 Sheet A2.1.2 Detail 2/S5.01 Attached Pictures Per detail 2 on ASK-13 R1, a new wide flange beam is being called out. However, no structural details were provided. Per the approved permit drawings, detail 2/S5.0"
RFI-1131,Southline Office,architectural,15789.0,4,category_specific,medium,partial,Ensure that all gate enclosure designs include necessary attachment details and signage requirements,This RFI highlights important design clarifications for gate enclosures that could affect compliance,,"Reference: SLP1 - RFI - 1131 - PSD Gate Enclosures under Stair #1 and Stair #2 Confirmation Email Correspondence between DPR and DES dated 11/03/2023 Sheets A7.10, A7.11, and A7.12 Background: In the drawings and in the model, some gate enclosure is shown underneath the stair #1 and stair #2. Per co"
RFI-273,Silicon Valley Office,,15555.0,N/A,,,,,,,"Ref: Attached DPR RFI-273 Markup; Due to discrepancies between the structural and civil drawings, and because the storm drains have already been installed, Concrete Team is proceeding with planter slab elevations based on the utilities plan. For planter at GL-8/ M, we are using the lowest storm drai"
RFI-1280,Southline Office,,15549.0,4.5,category_specific,medium,clear,Ensure adequate space for window treatment installation and maintenance in future designs.,The RFI highlights a design oversight regarding the accessibility of window treatments that should b,,"REF A4.01, 5/A9.33 As discussed onsite 1/5/2024, DPR brought up a concern of installation of the future North side Window Treatments, as well as the maintenance of the Day 1 East side window treatments. The concern is that with the narrowness and height of the soffit opening for the window treatment"
RFI-1058,Southline Office,architectural,15469.0,N/A,,,,,,,"Reference: A6.02/ Detail 2 and 8, A4.10/ Detail 2 Q1: There are no North or South elevations and no elevations capturing the shower mirrors within the the L1 Mens and Womens Shower Rooms (Room numbers 121 and 122). Please provide the listed elevations for rooms 121 and 122."
RFI-1775,Southline Office,,15333.0,4,category_specific,medium,partial,Ensure drainage requirements are reviewed in future median designs.,The RFI highlights the need for clear drainage specifications in median designs to prevent future is,,"Reference Drawing: C6.2 & C6.3 Currently in Offsite drawing C6.2 & 6.3, the area in the median of Southline Road does not call out for drainage and there are 4 trees to be planted. Teichert is currently working to install the curb in the median and there is an opportunity to ""T"" off the 12"" SD line "
RFI-1575,Southline Office,,15333.0,4,category_specific,medium,partial,Ensure all penetration details are included in design documents for bioretention systems.,"The absence of a penetration detail for the 6"" SD line through the bioretention retaining wall highl",,"Reference Drawing: C4.2 and L8.06 The 6"" SD line in the bioretention area at the east side of Building 1 connects to the 4"" perforated pipe that is in between the exterior building wall and the concrete retaining wall at bioretention area. See attached. The 6"" SD line penetrates through the structur"
RFI-0455,Southline Office,"structural, architectural",15179.0,N/A,,,,,,,"Ref: A2.02S, 12/S5.50, Submittal 0439-053100 B1 Steel Deck L2 to PH Bathroom Exhaust Shaft is at an angle to adjacent steel which causes the required deck edge to cantilever off the steel. Based on the max dimension from steel this is a confirming RFI that it is acceptable to utilize Detail 12/S5.50"
RFI-72,Silicon Valley Office,,14846.0,N/A,,,,,,,"detector, or can it be placed above elevator entry door on level 3?"
RFI-1248,Southline Office,architectural,14572.0,4.5,category_specific,medium,clear,Ensure door undercuts comply with NFPA 80 regulations in future designs.,This RFI highlights the need for careful consideration of door undercuts in relation to sloped floor,,"Reference: SLP1 - RFI1248 - PSD Door Bottoms to Accommodate Sloped Floors Confirmation Email Correspondence between DPRGC and DPR DFH Product Data for ASSA Abloy Door Bottom Product Data for NPG Door Bottom Background: With the concrete slab sloping, the doors at Tiers 2-5 will have an excessive und"
RFI-1390,Southline Office,,14455.0,N/A,,,,,,,"Reference: SLP1 - RFI 1390 - B1 Service Yard Roof Hatch Framing Modification Confirmation SLP1 - RFI 0590 - B1 Fire Pump Room Roof Hatch_Resp_R1 Background: Due to the service yard roof hatch model changing per RFI0590, Glazier Steel needed to modify their steel framing for this new roof hatch. Glaz"
RFI-0006,Southline Office,structural,14425.0,N/A,,,,,,,"Reference: Herrick_SK_25A (Attached) Sheet S5.01, S2.00, S5.43 1. Referencing Detail 6/S5.01 - Please provide locating dimensions for the 2"" DIA grout hole. 2. Referencing Detail 5/S5.43 & S2.00 - Per base plate schedule at BRBF, anchor bolt embed depth for Marks 'B & C' note 61"". However, this will"
RFI-1480.1,Southline Office,,14384.0,4.5,category_specific,high,clear,Ensure all doors intended for access control are specified with appropriate electrified hardware and,This RFI underscores the importance of aligning door hardware specifications with security requireme,,"Ref: RFI-1480, A9.20, Door HW Spec, SC2.01 Per DES response to RFI-1480, Door 136A is to be prepped for future card reader on the restaurant side of the opening. Current door hardware spec for door 136A does not include electrified hardware. Also, current security plan does not include Door 136A as "
RFI-0559.2,Southline Office,"architectural, exterior_envelope",13945.0,4,category_specific,medium,partial,Ensure detailed waterproofing specifications are reviewed and confirmed during the design phase to p,The RFI highlights the need for clear waterproofing details to avoid potential issues in constructio,,"Reference: A2.01, A7.01, A2.01S RFI 0559 - PSD Waterproofing Detail Clarification RFI 0559.1 - PSD Waterproofing Detail Clarification Q1: Please review and confirm attached markup on A2.01 for waterproofing details is accurate. Q2: Please provide another waterproofing detail similar to SKA-06 howeve"
RFI-1588,Southline Office,"plumbing, architectural",13765.0,5,,high,,Review and revise plumbing specifications to ensure compliance with ADA requirements and prevent fut,The RFI addresses a critical ADA compliance issue that could lead to significant rework and inspecti,,"Ref: 9/G1.02, A4.01, B1 RFI 1581 (still in progress) & AAN Submittal 4050 response: Submittal 4050-220000-0 B2 Water Closet Product Data was approved as noted back in May 2023. Per submittal response, the flushometer for all water closets is to be the Kohler Mach Tripoint K-10TD00K10. The height of "
RFI-2136.1,Southline Office,,13514.0,4,category_specific,medium,partial,Ensure wall height and reinforcement details are verified against design specifications in future pr,"The RFI highlights the need for design verification regarding wall dimensions and reinforcement, whi",,"The low plaque wall behind B2 was poured to a maximum of 1'-9"" above the north landscaping per detail 6/L8.02 with a thickness of 8"". Now that the DG on the south side of the wall installed, the height from DG to the TOW is 1'-5"". Per a conversation with DES, the desired elevation for TOW from DG is"
RFI-109,Silicon Valley Office,,13501.0,N/A,,,,,,,"Ref: A&B RFI-011, PK2-C6.3; Question: The existing 4"" domestic water line highlighted in blue has an existing invert elevation that is equivalent to the invert elevation of the new 12"" storm drain line. The existing 4"" DW line thus conflicts with the new 12"" storm drain line. A&B proposes (2) option"
RFI-1267,Southline Office,architectural,13463.0,N/A,,,,,,,"Referenced Documents: 20/A8.01, 04/A8.01 Question: Per MCA comments received on 12/22/23 on the curtainwall shop drawings (4199-084313-1 B2 WW Curtainwall shop drawings_R1) , MCA indicated that flashing was required at all perimeter conditions, however, additional clarification is required at the ex"
RFI-0976,Southline Office,,13218.0,N/A,,,,,,,B2 - Kitchen Equipment Updated Models
RFI-1422,Southline Office,architectural,13129.0,5,,high,,Review and update all door schedules to ensure compliance with egress requirements and confirm panic,Critical safety concerns regarding panic hardware on egress doors could lead to life safety violatio,,"Referenced Documents: RFI 1273, RFI 1180, Submittal 4425 WW Exterior Door Schedule, G2.01, A2.01, A9.20 Question: 1) Approved B2 Exterior Door schedule (4425) shows door type E104 to receive hardware type 01A (no panic hardware indicated in the notes). All other doors shown on the emergency egress p"
RFI-1018,Southline Office,"architectural, landscaping",12912.0,4,category_specific,medium,partial,Implement a checklist for verifying that all specification changes are reflected in the drawings bef,This RFI highlights the importance of ensuring that all specification changes are accurately documen,,"REF: BLDGSITE-L1.01 POST TO: BLDGSITE-L1.01 Please reference the attached files. Per response to submittal #4270-12-9313, several onsite furnishing specs were changed by the architect and resubmitted. These changes are not reflected in the drawings. Please confirm we are proceeding with these change"
RFI-1366,Southline Office,architectural,12863.0,N/A,,,,,,,"Referenced Documents: A2.01, A8.00, A8.01, Email Correspondence attached. Question: Per email correspondence between DES/DPR on 2/8, on the perimeter of the slab, the 1/2"" Insulfoam protection board is pushing out the stainless-steel flashing preventing proper adhesion to the top edge of slab requir"
RFI-311,Silicon Valley Office,,12798.0,N/A,,,,,,,"Ref: Attached RFI-311 DPR Markup Questions: 12"" storm drain line is in conflict with footing underneath retaining wall. It was discovered after excavation, that storm drain line would be located inside the footing. Question 1: Please confirm footing could be modified. Please confirm which option is "
RFI-1159,Southline Office,mechanical,12423.0,3,narrow,medium,partial,Ensure thorough review of mechanical shop drawings for coordination with architectural plans.,This RFI highlights a routine coordination issue in mechanical duct layout.,,"Reference: Submittal 4385 - B2 - ASI - Mechanical Duct Shop Drawings, BLDG2 M2.01, Seiho NTX Product Data Per coordination with DES, DPR, BMC, and ASI, the diffusers and associated duct layout for Group Exercise 108 as reflected on M2.01"
RFI-1347,Southline Office,,12247.0,N/A,,,,,,,B1 Knox Box & Exterior Strobe Locations
RFI-2114,Southline Office,,12163.0,N/A,,,,,,,PSD - Elevator Tower Roof Walkway Addition
RFI-0754,Southline Office,exterior_envelope,12067.0,N/A,,,,,,,"Ref: SLP1 - 4062-054000-2 B1 Exterior Framing Deferred Submittal Q1: There are 2 locations where there is bent plate missing for the unistrut attachment to edge of slab for the prefab exterior framing panels. This occurs at L2 on south side between gridlines 17.2, 17.9 and 18.3, 19. Please confirm i"
RFI-1052,Southline Office,,11989.0,N/A,,,,,,,"Ref: Spec Section 07 8116 dated 8/26/22 Per spec section 07-8116 Sprayed on Fireproofing sealer is required at below locations: 1. Elevator Shafts 2. Elevator Machine Rooms 3. Telephone Equipment Rooms 4. Air plenums and non-ducted air shafts Based on our understanding of the spec, please confirm at"
RFI-42,Silicon Valley Office,,11923.0,4,category_specific,medium,partial,Ensure that access to lighting and other critical systems is considered in future designs.,The RFI highlights the need for design considerations regarding access to lighting in future project,,"Currently, we have no access to the lights along the Atrium Gridline 2 Suggested answer We are proposing to add two weathertight 3'-0 x3'-0 HM doors. HM doors will be placed to align with bottom of clerestory (to ensure enough height for roofing upturn). Please confirm it is acceptable to use typica"
RFI-1333,Southline Office,structural,11864.0,N/A,,,,,,,Referenced Documents: S3.1 Question: Glazier Steel Lighthouse Shop Drawings did not account for Walter's & Wolf caulk joint dimension when determining the rough opening needed for the Glazing unit to be set in the lighthouse steel. Since we will have a snug fit of the glazing system with no room for
RFI-1414,Southline Office,,11813.0,N/A,,,,,,,"Ref QF100, QF101, QF301, QF401, and Submittal 4282-114000-1 B2 Custom Stainless Steel Fab Details R1 (pg K9), Submittal 4154-114000-0 B2 Food Service MEP Drawings: During the review of Submittal 4282, NGA identified that NGA originally had expected the refrigerators in Kitchen Equipment Piece 302 to"
RFI-0940,Southline Office,,11713.0,4.5,broad,high,clear,Ensure compliance with city specifications regarding expansion joint installation intervals.,The RFI highlights a change in city specifications for expansion joints that should be noted for fut,,"Reference: Offsite Drawing C10.0 detail 4 Offsite Drawing 4/C10.0(SSF Standard R-2A) Curb and Gutters are to be placed per City Standard Detail R-1. City Specification R-1 states that expansion joints shall be construction at a maximum of 50' intervals in concrete curbs, gutters, sidewalks, and at c"
RFI-1189,Southline Office,,11691.0,N/A,,,,,,,PSD Tier 6 Stair 2 Handrail Lighting
RFI-20,Silicon Valley Office,,11612.0,5,,high,,Ensure all architectural changes are documented and communicated effectively to prevent future compl,Critical ADA compliance issues identified in bathroom design requiring immediate attention.,,"We received feedback from the field team that some bathroom carriers are not ADA compliant, and a few bathrooms are not within ADA range. We had help from our VDC team to take a look at the model and they noticed that the walls have changed a number of times in the Architectural drawings/model, and "
RFI-0375,Southline Office,"architectural, mechanical, electrical",11601.0,N/A,,,,,,,"Ref: M2.01 (PSD PCR #2 dated 01.24.23) Per KONE, the existing FCU which is inside the Elevator Control Room 103 is not code-compliant as servicing is required in the room for air filter replacement. As such, the FCU has to be redesigned so that there is no servicing needed inside the room. Please co"
RFI-0259,Southline Office,"electrical, plumbing, mechanical",11601.0,4.5,broad,medium,clear,Ensure all mechanical systems have adequate power supply and drainage considerations during design p,This RFI highlights the importance of considering mechanical system elevations and power requirement,,"Ref: M0.02, M2.01, M2.03, M2.05, P2.01, P2.03, P2.05 (PSD PCR #2 dated 01.24.23), Cut Sheet for Little Giant Pump The allowable penetration of the beam for condensate line is at the center of the beam. Therefore, it will place the condensate line higher than the FCU and a little giant pump needs to "
RFI-314,Silicon Valley Office,,11500.0,N/A,,,,,,,East Atrium Roofing Transition Detail
RFI-1283,Southline Office,,11313.0,N/A,,,,,,,"Per coordination with Transbay, there are (2) 6"" pads needed in the fire pump room. See attached pad dimensions. 1. GPLA please provide details for reinforcement for each pad. 2. DES confirm no exceptions taken to addition of two back of house pads."
RFI-134,Silicon Valley Office,,11260.0,N/A,,,,,,,RWL Irrigation Controller Clamp on Meter
RFI-1741,Southline Office,architectural,11251.0,N/A,,,,,,,"Reference: SLP1 - RFI 1741 - PSD Flashings Under Stair 1 Landings Confirmation Detail 3/A7.10 Background: On the east stairwell wall of stair 1, plaster is to be installed all the way from the ground level to the roof. However, between the stair landings and the wall, there is very minimal access to"
RFI-0758,Southline Office,"civil_site, concrete, landscaping",11195.0,4,category_specific,medium,partial,Implement a checklist for verifying design responses against onsite drawings to ensure consistency.,This RFI underscores the need for improved coordination between design documents and onsite specific,,"REF: BLDGSITE L8.02 POST TO: BLDGSITE L8.02 Detail 6/L8.02 of the Onsite Drawings calls for Grind to a Halt Sphere Shaped Skate Deterrents to be installed at concrete seatwalls. However, in the design team's response to submittal 4153-321316-0 Onsite - Skate Deterrents for Concrete Seatwall, the des"
RFI-0668,Southline Office,,11134.0,N/A,,,,,,,"Reference Drawing: Rule 16 JT 4.0 and CTV 2.0 Per the provided plan pages E 1.0, JT 4.0, AT 2.0 and CTV 2.0 for the R16 PSD work, the conduits coming from the JT that needs to be tied into the building are as follows: Power: 2 (EA) 4” sch 40 AT&T: 2 (EA) 4” sch 40 Comcast: 2 (EA) 2” sch 40 However, "
RFI-0180,Southline Office,,10992.0,N/A,,,,,,,"Ref: A4.10, A9.10 (B1 PCR#1 drawing set dated 11.11.22) See detail 2&4/A4.10. As the sanitary vent size increased from 2"" to 3"", Please confirm if it is acceptable to change this wall to A2 (6"" wall). This is typical on all floors."
RFI-1798,Southline Office,"masonry, architectural",10906.0,4,category_specific,medium,clear,Ensure all design elements are thoroughly reviewed and included in procurement plans to avoid omissi,The omission of concrete caps in the design highlights the need for thorough review processes to pre,,"REF: PSD Current Set: A5.01C, A8.12, Site - Onsite Current Set: C2.2 POST TO: PSD Current Set: A5.01C, A.812, Site - Onsite Current Set: C2.2 Question: Per the response to RFI 1721, concrete caps were added to the CMU wall between Building 1 and Parking Structure D. These caps were not originally ca"
RFI-34,Silicon Valley Office,,10859.0,N/A,,,,,,,"Ref: RFI-034 Markup; Detail 10C/PK2-S3.1.2 Question: Location is Level 2 and 3 atrium slab edge, between GLs B-C. When the existing atrium stair was demolished, a corner of the slab edge was left remaining as depicted in the images. Please confirm which drawing detail is applicable to infill these l"
RFI-57,Intuitive Surgical MOB,architectural,10844.0,4,broad,high,clear,Implement a thorough review process for architectural details involving sound walls and associated s,The RFI regarding Cold Roll Channels at Double Stud Sound Walls resulted in a costly change order du,,Cold Roll Channel (CRC) at Double Stud Sound Walls
RFI-1581,Southline Office,,10728.0,2,,low,,Ensure that all design specifications are clearly communicated to avoid future RFIs.,The RFI pertains to a clarification on restroom ADA stall flush valve specifications.,,B1 - Restroom ADA Stalls Flush Valve Model
RFI-1099,Southline Office,,10656.0,4.5,broad,high,clear,Ensure load calculations for wall assemblies are verified during design and prior to installation.,This RFI highlights the importance of verifying load capacities for wall assemblies to prevent futur,,"Reference: SLP1 - 1040-093100-4 B1 Tile/Stone Product and Safety Data Q1: Per coordination meeting with DES on 11/3/23, DPR is concerned about the load of CT6 wall tile on the elevator lobby furred wall. Please confirm that the elevator lobby furred wall can support the load of the CT6 wall tile. Pl"
RFI-39,Abbott Alameda Office TI,,10587.0,4,broad,high,clear,Implement a mandatory review process for MEP layouts during the design phase to ensure all installat,The relocation of thermostats due to design flaws resulted in a costly change order.,,"Reference: RFI 39 - Abbott - Alameda 1420 HBP - Thermostat Relocation Clarifications ACCO RFI 005/EMCOR RFI 001 Mechanical Drawings with Markups and Pictures During rough-in for in-wall MEP, it was noticed that there are some issues with the current plan locations for the following thermostats: VAV-"
RFI-14,Abbott Alameda Office TI,,10587.0,4,broad,high,clear,Implement a review process for design documents to ensure all structural details are clearly defined,The RFI revealed a costly oversight in the mechanical duct hanging details that led to a change orde,,"Reference: RFI 14 - Abbott Alameda 1420 HBP - Mechanical Duct Hanging Detail Confirmation Submittal 155000-6 Excerpt Mechanical Sheet M0.2 As noted on Submittal 155000-6, the existing structure is wood trusses that are drywalled over (as noted by DPR). The duct hanger support detail, Detail 1 on M0."
RFI-1368,Southline Office,,10551.0,N/A,,,,,,,"Referenced Documents: A5.10 Question: Current signage design shown on sheet A5.10, keynote 504 indicates two 6"" tall steel strips to accommodate future signage mounting. However, email correspondence from DES received on 2/1 updated keynote 504 ""provide 2'10"" tall 16GA galvanized steel backing to ac"
RFI-76.1,Abbott Alameda Office TI,,10155.0,4,broad,high,clear,Implement a more thorough design review process that includes detailed coordination checks for handr,The RFI revealed a costly oversight in design coordination between a handrail and a service corridor,,"Reference: RFI 76.1 - Abbott Alameda 1420 HBP - Stair 2 Handrail Clash with Service Corridor Door Clarification A7.0.0 MAS Metals Guardrail Submittal Sheet S5.00 Attached pictures Per RFI 76 response, contractor was to verify that the handrail extension does not impeded into existing service corrido"
RFI-27,Silicon Valley Office,,9851.0,N/A,,,,,,,"Ref: Attached RFI-027 Markup and Issue #1977; Question: The detail provided in GPLA-SSK-A12 calls for a shim plate and new bent angle to be installed between top of new beam flange and bottom of existing deck. The (N) W24x68 was installed in field, and neither a shim plate nor L-angle can fit betwee"
RFI-0974,Southline Office,architectural,9645.0,4,category_specific,medium,partial,Ensure waterstop installation is verified in below-grade applications.,This RFI highlights the importance of confirming waterstop installation in below-grade waterproofing,,"Referenced Documents: S2.1 Markup, AR-01, 02, 05, 06 of 4286-071300-0 B2 Below Grade Sheet Waterproofing Shop Drawings Question: On the ""Below Grade Sheet Waterproofing Shop Drawings"", MCA provided a note to add below grade waterstop. 1) Please confirm waterstop can be installed in the highlighted a"
RFI-2059,Southline Office,architectural,9606.0,5,,high,,"Implement immediate patching of the cracks with ARDEX TWP and monitor for reoccurrence, while also e",Cracking at the ramp poses a risk of future damage and requires immediate attention to prevent safet,,"Reference: SLP1 - RFI 2059 - PSD Cracking at Bottom of Ramp from Tier 1 to 2 Remediation Confirmation Email Conversation between PMA/DPR Ardex TWP Product Data Punch Issue #5964 Sheet A2.01 Per conversations with GPLA, the cracking shown in the bottom portion of the ramp going from level 1 to 2 are "
RFI-283,Silicon Valley Office,,9490.0,N/A,,,,,,,GL L/3 Shaft Wall vs. HSS Conflict
RFI-140,Silicon Valley Office,,9490.0,N/A,,,,,,,West Canopy Rain Leader Reroute to Wedge Bioswale
RFI-1636,Southline Office,fire_protection,9325.0,5,,high,,Ensure all knox boxes are installed at the specified height of 4-6ft above finished grade to comply ,The RFI highlights a critical fire code compliance issue regarding the installation height of knox b,,"Confirming RFI per correspondence between DPR and South San Francisco Fire Department, the fire marshal indicated that knox boxes shall be 4-6ft above finished grade. Please see attached email exchange."
RFI-1713,Southline Office,architectural,9314.0,N/A,,,,,,,"Ref: G2.01, E2.01, SLP1 - 4776-265000-2 Please confirm the exit sign on the north end of the Service Corridor can be the Surface Ceiling mounting type. This exit sign will be mounted to the hard lid ceiling and have arrows pointing south towards exit. Please see attached for more information."
RFI-284,Silicon Valley Office,,9307.0,N/A,,,,,,,Updated Door E134.B Hardware Spec - Needed
RFI-2058,Southline Office,,9290.0,4,category_specific,medium,partial,Implement a checklist for signage clarity and visibility revisions in future projects.,"The RFI highlights the need for clearer signage, which is a valuable reminder for future design cons",,"Per punchlist items 5946 and 5965, there are requests to revise some of the overhead signage verbiage and/or language for clarity and visibility reasons. Per conversation between Kartik G/DES and James Cho/DPR, DES to provide markup of selected signs for implementation by GC and CSS. 1. Please mark "
RFI-1709,Southline Office,"architectural, structural",9179.0,4,category_specific,medium,partial,Ensure all low walls have specified structural supports in future designs.,The RFI highlights the need for clear specifications on structural supports for low walls.,,"Referenced Documents: A2.01, A9.51, Submittal 4722 Question: The low wall at the rear of the Bar Drum structure currently does not call out any Structural Steel low wall supports. Please confirm if the wall requires HSS tube steel similar to what is submitted on 4722 B2 GS Servery Wing Wall Support "
RFI-1660,Southline Office,,9179.0,4,narrow,medium,clear,Ensure all ceiling gaps in food service areas are sealed to meet health department standards.,This RFI highlights the importance of sealing gaps in food service areas to comply with health regul,,"Referenced Documents: A2.01, A3.01 Question: Per email coordination attached between DPR/DES/NGA, there is a need to seal the gap in the ceiling above the pizza oven in the servery due to issues with the Health Department. Please confirm it's acceptable to bring the gypsum board in - leaving only a "
RFI-1183,Southline Office,structural,9068.0,2,narrow,low,unknown,Ensure detailed attachment methods are included in future shop drawings.,This RFI seeks clarification on a specific attachment detail for a housekeeping pad.,,"Reference: BLDG2 A2.01, S5.2, P2.01D, BMC Shop Drawing PL.2.L1.HK Please advise on details required for attaching the proposed housekeeping pad (refer to sheet PL.2.L1.HK) for EWH-1-6 to the slab in Janitor 112."
RFI-357,Silicon Valley Office,,9050.0,N/A,,,,,,,Ref: Attached email correspondence; The (4) existing columns in the wedge patio area at GL-B/4-7 have existing anchor bolts protruding out of column base plates. The designed top of slab on grade elevation will leave a portion of the existing anchor bolts exposed. Please confirm acceptable solution 
RFI-269,Silicon Valley Office,,9050.0,N/A,,,,,,,"Ref: Attached RFI-269 Markup Rev1 and Submittal #979 Mechanical and Plumbing Anchorage and Seismic Bracing; Mechanical equipment in OES Yard at AHU-3 Concrete Pad requires additional pipe and duct supports. GPLA, please provide rebar and concrete details for the concrete pier design required for mec"
RFI-211,Silicon Valley Office,,9050.0,N/A,,,,,,,"Ref: Attached RFI-211 OES Yard Equipment Pad and Grade Elevations Markup; Questions: 1) Langan, please confirm latest FS dimensions provided on 2/19/25 are intended design grade. Structural drawing PK2-S6.7.1 shows top of concrete pad to be 98'-0. Civil drawing PK2-C5.6 shows top of concrete pad to "
RFI-297,Silicon Valley Office,,9050.0,N/A,,,,,,,Ref: Attached DPRC CWX RFI-007; Question: Please confirm the reinforcing detail shown in the markup provided by GPLA is acceptable for construction.
RFI-115.1,CoreSite Data Center,electrical,8872.0,4,narrow,medium,partial,Ensure all architectural details include fixture types to avoid future omissions.,The RFI highlights the importance of including specific fixture types in architectural details to pr,,"Per RFI #115: Both the Electrical and Architectural contract drawings do not identify a light fixture at the Women’s restroom (Room 225) and the Men’s restroom (Room 226) light pocket. RFI-015 references Detail 8 on Architectural Drawing P3-A06-62; however, this detail does not indicate the type of "
RFI-1462,Southline Office,architectural,8751.0,N/A,,,,,,,"Reference: SLP1 - RFI 1462 - PSD Caulking Paint Color Confirmation Sheets A2.01, A2.02, A2.03, A2.04, A2.05 Background: Per submittal 3152, approved colors for fire and acoustical caulking were red and pale blue, respectively. Per conversations with DES/Dale, these caulkings are to match the adjacen"
RFI-144,Silicon Valley Office,,8474.0,N/A,,,,,,,Fire Sprinkler PAF Escutcheon - For Record
RFI-110,Intuitive Surgical MOB,architectural,8427.0,4,broad,high,clear,Implement a standardized checklist for design reviews that includes considerations for mechanical in,The costly relocation of an FCU due to inadequate design coordination highlights the need for improv,,"Reference: Mechanical 3rd Floor Plan/M2.03. & Floor Plan/A2.13 Question: The mechanical drawings indicate a FCU located in the GN RR 3023, which has a hard lit ceiling. To improve accessibility for overhead utilities, DPR & mechanical contractor are proposing to relocate this FCU to training/multi-p"
RFI-229,Silicon Valley Office,"structural, architectural",8284.0,N/A,,,,,,,Blocking Requirement for JM ENRGY Anchor at PV Panels Upper Roof
RFI-0702,Southline Office,,8220.0,N/A,,,,,,,"REF: BLDGSITE-C4.2, RFI 253 PSD Detail for Supply Pipe Penetration on RC17 footing Currently, there are three utility lines that lie under the CMU wall between B1 and PSD: the Sanitary Sewer, Storm Drain and Fire Water Line. RFI 253 addressed the Fire Water line conflict by proposing the concept of "
RFI-1845,Southline Office,architectural,8195.0,4,narrow,medium,partial,Establish a checklist for verifying paint specifications against submittals to avoid discrepancies.,Clarification of paint specifications is necessary to ensure design intent is met without causing re,,"Reference Documents: A10.00 A3.01, Submittal #4939 Per Drawing A10.00 front of house soffits are to be painted P-2. However, per comments in submittal 4939 DES/ MAWD state that the soffit North of the community center between GL 1-4 area should be painted P-1. Please confirm that P-1 is the right pa"
RFI-358,Silicon Valley Office,electrical,8000.0,N/A,,,,,,,Bunker Hill Exterior Light C Fixture Change to E Type at 3 Locations - For Record
RFI-219,Silicon Valley Office,,8000.0,N/A,,,,,,,"L1 Jewel Box ceiling height ( 220, 234, 235, 237)"
RFI-1226,Southline Office,architectural,7910.0,N/A,,,,,,,"Referenced Documents: A5.10, RFI 1213 B1 Parapet and Balcony Saddles. Question: As coordinated on B1 Exterior Parapet Conditions where the penthouse wall meets an adjacent exterior wall, please confirm it is acceptable to include a waterproofing saddle detail at B2 parapet conditions as shown in RFI"
RFI-1357,Southline Office,,7477.0,N/A,,,,,,,"REF: Site - Offsite Current Set C8.1, Site -Onsite Current Set C3.3 POST TO: Offsite Current Set C8.1, Onsite Current Set C3.3 Please review the attached file. Please confirm the following: 1) Please verify the clouded dimensions shown on SK-116A (attached) are flat dimensions and tied at ramp break"
RFI-14,Silicon Valley Office,structural,7387.0,N/A,,,,,,,"Ref: 56/PK2-A5.7.2 Question: 56/PK2-A5.7.2 calls out a steel post bolted to the side of each stringer of the ships ladder, but there is no corresponding structural detail. Please provide a response to the following questions: 1) Please confirm slope of the ladder. 56/A5.7.2 indicates a max slope of "
RFI-0878,Southline Office,concrete,7206.0,N/A,,,,,,,"Reference: SLP1 - RFI0878 - B1 Loading Dock Guardrail Post Install Embed Confirmations Post on: Sheet A4.20 Due to the guardrail embed sleeves not installed prior to slab pour, please confirm the following: Q1: Please confirm if bushing down concrete to make plate flush with concrete is acceptable. "
RFI-2048,Southline Office,"architectural, structural",7186.0,N/A,,,,,,,"Per Finish Plan A10.00, Trash Room 119 walls are to receive Diamond Plate and/or FPR up to 8' AFF. There is a structural glulam column at gridline 8 and D that sits inside of the Trash Room that has no protection. 1) Please advise if any additional protection is required for the exposed glulam colum"
RFI-1073,Southline Office,"structural, architectural",7065.0,4,category_specific,medium,partial,Review grout curing times and their impact on structural loading in future projects.,"The RFI highlights the importance of grout curing times in structural applications, which could affe",,"Attached Documents: S2.1, S7.1, 4172-04-2000-1 B2 CMU Block and Grout Product Data Question: Due to long curing duration for our currently approved grout in 4172-04-2000B2 CMU Block and Grout Product Data, please confirm it is acceptable to use High Strength Grout provided in attachments to be able "
RFI-100,Silicon Valley Office,,7000.0,N/A,,,,,,,Lobby Elevator Emergency Comm Cellular Device Product Data & Location
RFI-1689,Southline Office,architectural,6932.0,N/A,,,,,,,"Referenced Documents: A9.51 Question: Please confirm the details shown in markup are acceptable to include in the 18 ga. cylinder shroud: 1. Please confirm it is acceptable to include a 3/8"" vertical joint with a #8 peanut screw (painted to match) when attaching the panels together as shown n markup"
RFI-1306,Southline Office,architectural,6683.0,4,category_specific,medium,clear,Implement a checklist item to verify door dimensions against MEP coordination early in the design ph,The RFI reveals a coordination gap between architectural and MEP designs regarding door dimensions.,,"Reference: SLP1 - RFI 1306 - B1 Door 709F Dimension Confirmation Sheets A4.12, A9.20 Submittal 3938-08-1113 B1 - Doors Frames and Hardware_R1 Background: Door 709F is called out on the door schedule as an 8 foot door. DES’ architectural model was used to coordinate MEP around architectural elements."
RFI-1187,Southline Office,architectural,6683.0,4,category_specific,medium,partial,Ensure astragal specifications are included in future door designs to prevent water intrusion.,"The omission of astragals in the door design could lead to water intrusion issues, highlighting the ",,"Reference: SLP1 - RFI1187 - B1 Penthouse Double Doors Astragal Clarification Allegion Hardware Schedule: Hardware Group No.25 Sheet A2.07 Submittal 3938 B1 - Doors, Frames and Hardware_R1 Background: At the penthouse level, the exterior double doors did not get astragal's spec'd out. This leaves a s"
RFI-0236,Southline Office,,6656.0,N/A,,,,,,,"Reference: SK-05A, SK-05B, SK-05C & SK-05D 1. The setting dimensions of HSS Coiling door posts from grid T & U was not shown. With this, please see plan SK-05A and provide the setting dimensions of HSS post from grid T & U. 2. On elevation ref. 6/A8.50 (cut from plan SK-05A), please verify / confirm"
RFI-0236.2,Southline Office,structural,6656.0,N/A,,,,,,,"Reference: SLP1 - RFI-0236.2 - B1 Coiling Door Support Clarifications_R2 Q1: Please confirm that the chip and epoxy detail is acceptable as shown on sheet 2. Q2: Architect to confirm if loading dock starter wall is to terminate 2'-10"" from Gridline 20 in relation to roll up door location. Q3: Please"
RFI-5,Silicon Valley Office,,6587.0,N/A,,,,,,,Ref: Attached photos and markup titled RFI Issue #1629 Markup; Question: Please refer to the document under Files for this Issue. (Follow up to Issue #1629)
RFI-44,Silicon Valley Office,,6587.0,N/A,,,,,,,Light Fixture F16 F30 F30A Caternary Cable Mounting Detail
RFI-1485,Southline Office,,6565.0,4,category_specific,medium,partial,Consider standardizing the use of larger precast boxes for future valve installations to facilitate ,"The RFI suggests a design change to improve maintenance access for a backwater valve, highlighting t",,Reference Drawing: Onsite C4.2 RFI-0533 note 17 added a SS backwater valve enclosed within an F8 precast box. For future valve cleaning and maintenance B1017 box is recommended over the smaller F8 box. Please advise if we can substitute the F8 precast box with the recommended B1017 box. Note there i
RFI-63.1,Abbott Alameda Office TI,,6557.0,N/A,,,,,,,Reference: RFI 63.1 - Abbott Alameda 1420 HBP - Hallway 203 Door Removal Confirmation_R1 RFI 63 - Abbott Alameda 1420 HBP - Hallway 203 Door Removal Confirmation A2.2.2 RFI 63 response called for double door at Hallway 203 to be removed and infill with drywall to allow for the gyp soffit and ACT cei
RFI-68,Abbott Alameda Office TI,"architectural, structural",6407.0,N/A,,,,,,,"Reference: RFI 68 - Abbott Alameda 1420 HBP - Stair 2 Handrail Detail Modification Confirmation Details 3 and 1/A9.5.0 Handrail Cap Proposed Detail Per OAC coordination meeting, please confirm: Question 1: If the newly proposed detail for the guardrail is acceptable. Question 2: If continuous backin"
RFI-84,Silicon Valley Office,,6339.0,N/A,,,,,,,"Ref: A&B RFI-6 Attachment, Note 19/PK2-C6.2, 3/PK2-C10.4; Where the existing 15"" storm drain line connects to the new 4"" storm drain line, Note 19 of PK2-C6.2 calls for a 12""x12"" Christy V12 Box. The existing 15"" storm drain line will not fit into the V12 box. Please confirm the suggested answer is "
RFI-97,Silicon Valley Office,,6339.0,N/A,,,,,,,"Ref: A&B RFI-009 Catch Basin, 3/PK2-C10.5; Question: This RFI is similar to RFI-089 Site Work Catch Basin Filter Substitution. Detail 3/PK2-C10.5 calls for a 12"" NDS Catch Basin to be used at the locations marked in the attachment. The locations marked connect an (E) 18"" SD line and 12"" SD line. The"
RFI-54,Silicon Valley Office,civil_site,6339.0,N/A,,,,,,,"PK2-C6.6 -SDCO Replacement with 12"" NDS Catch Basin for AHU-3 Condensate Drain"
RFI-132,Silicon Valley Office,,6338.0,N/A,,,,,,,Stair 1 & 2 Exterior Door Entry Access Deletion
RFI-1313,Southline Office,,6259.0,N/A,,,,,,,PSD - Supply Fan at Transformer Room Mounting Details
RFI-1667,Southline Office,concrete,6244.0,N/A,,,,,,,"Reference: SLP1 - RFI 1667 - PSD Lip Between Elevator Slabs and Existing Garage Slabs Clarification SLP1 - RFI 1541 - PSD Existing Edge of Slab and Elevator Bent Plate Elevations Confirmation_R1 Background: Per RFI 1541, the elevator SOMD's were poured to the stair landing bent plate elevation. As a"
RFI-96,Abbott Alameda Office TI,"audio_visual, architectural",6114.0,4,category_specific,medium,partial,Implement a checklist item to verify low voltage requirements in architectural plans during the desi,The oversight of data cabling requirements in the copy/printer rooms serves as a reminder for better,,"Reference: RFI 96 - Abbott Alameda 1420 HBP - Phase 1B Copy/Printer Rooms Data Connection Confirmation Sheet E2.3 and E2.4 The (2) new copy/printer rooms that are being installed in Phase 1B do not show any data cabling being installed, see attached electrical drawings. The architectural power and s"
RFI-19.1,Abbott Alameda Office TI,,6081.0,N/A,,,,,,,"Reference: RFI - 19.1 - Abbott Alameda 1420 HBP - Mechoshade Pocket Detail Confirmation, RFI 19 - Abbott Alameda 1420 HBP - ACT Height at Exterior Windows, Sheet A2.2.2 The ACT height at the exterior windows will conflict with future serviceability of the mechoshades. Please confirm that the followi"
RFI-19,Abbott Alameda Office TI,architectural,6081.0,N/A,,,,,,,Reference Sheet A2.2.2 RCP calls for ACT height to be 8'10 and to match with mullion. Top of mullion currently sits at 9'. Please confirm that ACT is to align with top of mullion.
RFI-78,CoreSite Data Center,electrical,6062.0,N/A,,,,,,,"Contract documents do not clearly indicate the required infrastructure for the Security/CCTV systems. CEI has put together the attached markup for the assumed security infrastructure layout, including conduit sizes & routing and box sizes & locations. Please review and confirm if the proposed layout"
RFI-59,CoreSite Data Center,structural,6037.0,N/A,,,,,,,"DPR proposes utilization of a temporary 2.6 Preston Superdeck at level 2 OH coiling door on the North end of the building. Please reference the attached load/reactions for the 2.6 Preston Superdeck. Suggested answer PASE, please confirm if installation of a 2.6 Preston Superdeck is acceptable at lev"
RFI-128,Silicon Valley Office,,5971.0,N/A,,,,,,,Nanawall Drainage Detail Clarification
RFI-239,Silicon Valley Office,,5971.0,5,,high,,Conduct a thorough assessment of the existing slab and develop a detailed plan for repair to prevent,Existing concrete spalling due to improper cutting raises serious structural and safety concerns.,,"Ref: Attached RFI-239 DPR Markup; Similar conditions at East and West Atrium Concrete Slabs. 1980 As-Builts A3.1 show SOG extending 2'-9"" west of GL-A. Architectural edge of slab drawings A2.01 show face of slab 1'-1/2"" west of GL-A. Curtain wall shop drawings (Submittal #380) indicate front of CW s"
RFI-100,Intuitive Surgical MOB,architectural,5952.0,4,broad,high,clear,Implement a checklist for design reviews that includes verification of access panel locations for ME,The omission of access panel locations in the reflected ceiling plans resulted in a costly change or,,"Reference: Reflected Celling Plans - Floors 1-3/ A2.31-A2.35 Question: Access Panels are not indicated in the RCPs. Please provide the specific locations where access panels should be installed in the elevator lobby hard ceilings. A 24"" x 24"" access panel would be ideal, to allow access to the MEP u"
RFI-1382.1,Southline Office,,5933.0,4.5,category_specific,medium,partial,Ensure that connectivity options for irrigation systems are clearly defined in project specification,Clarification on irrigation controller connectivity options emphasizes the importance of clear speci,,"REF: Site - Onsite/Offsite Current Set: L3.00, RFI 1382 POST TO: Site - Onsite/Offsite Current Set: L3.00 Please reference the attached file. Per the response to RFI 1382, a Cloud module with wireless internet connection will not be required for each irrigation controller and instead use ethernet co"
RFI-1382,Southline Office,,5933.0,4.5,broad,medium,clear,Ensure all controllers include necessary modules for remote management in future specifications.,The omission of the Cloud module in irrigation controllers is a notable oversight that should be add,,REF: Onsite/Offsite Current Set: L3.00 POST TO: Onsite/Offsite Current Set: L3.00 Please review the attached file. The current specified Baseline 3200 Controller does not include a Cloud module on the controller. Without the module the long term maintenance team will not be able to manage the irriga
RFI-1278,Southline Office,electrical,5926.0,N/A,,,,,,,"Reference: B2 E1.00, Exterior Lighting Coordination Meeting Minutes, Tegan Product Data Per coordination with DES, HLB, Sprig, and DPR, please advise on the following: 1. Revised layout for E19 catenary light fixtures including heights and layout of points of attachment to B2 building face. 2. DES p"
RFI-0787,Southline Office,"architectural, structural",5747.0,N/A,,,,,,,"Ref: 10/A8.22, 2/A4.03 Per coordination with BT Mancini, at the L2 canopy there is only 5-3/8"" max from top of metal panel to top of tube steel. Metal panel is sloped and dimension reduces as you move towards the bldg. For this reason there is concerns decking and roof board plus insulation will not"
RFI-0851,Southline Office,electrical,5726.0,4,category_specific,medium,partial,Ensure vibration isolation requirements are reviewed and confirmed during the design phase for all s,"The RFI highlights the importance of confirming vibration isolation requirements for transformers, w",,"Ref: SLP1 - 0200-262213-1 B1 DRY TYPE TRANSFORMERS; Vibra Trol Neoprene Vibration Pad Cut Sheet; Email Correspondence with Sipan/PMA This is confirming RFI. Per comment from Salter on Dry Type Transformer submittal, additional external isolation pad are needed for all the 9 dry-type transformers (1T"
RFI-53,Intuitive Surgical MOB,architectural,5612.0,4,broad,high,clear,Implement a detailed review process for sound termination details in design documents.,The RFI regarding sound terminations led to a costly change order due to insufficient design details,,Level 2 Beam Pocket Sound Terminations
RFI-76,Abbott Alameda Office TI,,5402.0,4,category_specific,medium,partial,Ensure stair dimensions are verified against design specifications during preconstruction.,The RFI highlights a design discrepancy that requires attention to prevent minor rework.,,"Reference: RFI 76 - Abbott Alameda 1420 HBP - Stair 2 Slab Edge Infill Confirmation A7.0.0 Attached pictures Actual length of existing landing is 5'-11 3/4"". This will cause the stair to be shorter at the bottom if left as is, and the footings would need to be relocated to accommodate this new dimen"
RFI-1935,Southline Office,architectural,5324.0,4,category_specific,medium,partial,Ensure that all architectural details are thoroughly reviewed for consistency with submittals to avo,"The RFI highlights a design clarification needed for hook rail installation, which is important for ",,"Referenced Documents: Submittal 4942, 17, 19, &8/A9.76, 7C/A6.03 Question: Submittal 4942 response changed the extent of the hook rail adding hook rail along the radius mod bar wall up to gridline 6 (GL~4-6). The architectural drawings only show hook rail to be installed on Gridlines 6-7 per detail "
RFI-1356,Southline Office,concrete,5251.0,N/A,,,,,,,"Reference: RFI-0695, Detail 7/S5.2, A2.01S, A4.01, A9.40 Please advise on dimensions for the curbs called for in Mens Showers 116 and Womens Showers 113. Please also advise if walls continuing past curbs require a separate detail for bottom track at the transition locations (installed on curb to ins"
RFI-1659,Southline Office,architectural,5153.0,4.5,category_specific,medium,clear,Ensure that all wood elements are treated consistently with appropriate sealers as per design specif,Clarification on sealing requirements for Wood Slat Wall enhances material consistency across the pr,,"Referenced Documents: 4756 B2 Wood Slat Wall Shop Drawings, 4840 Wood Slat Wall Samples, A9.74, A10.00 Question: Per DES Submittal comments on Wood Slat Wall samples and Shop Drawings, it is requested for the Wood Slat Wall to be sealed with KP-12 Sealer (S-1) such as the Mass Timber beams and colum"
RFI-1443.1,Southline Office,architectural,5096.0,4,category_specific,medium,partial,Ensure all interior finishes are clearly specified in architectural drawings to avoid ambiguity.,Clarifications on interior wall finishes in the bike enclosure highlight the need for precise specif,,"Reference: SLP1 - RFI 1443.1 - PSD Bike Enclosure Interior Walls Paint and Finish Confirmation_R1 SLP1 - RFI 1443 - PSD Bike Enclosure Interior Walls Paint and Finish Confirmation Marked up sheets A2.01 and A4.02 Submittal 3075 Background: Per RFI 1443 response, interior walls at bike enclosure are "
RFI-1767,Southline Office,architectural,5080.0,N/A,,,,,,,"Referenced Documents: A3.01 Question: At the far west end of the servery, the wall transitions to a soffit and there is no vertical Control Joint called out between them. There appears to be some cracking due to the soffit deflection being different from the full height wall. See attached photo and "
RFI-29,Intuitive Surgical MOB,,5031.0,N/A,,,,,,,Please see attached map on of level 3 framing layout. There are MEP overhead obstructions similar to level 2. Please confirm if we are to construct a legover (RFI 005.1) around the MEP or if the wall should be moved. See attached for offset framing recommendation for small obstructions.
RFI-55.1,Abbott Alameda Office TI,,4857.0,N/A,,,,,,,"Reference: RFI 55.1 - Abbott Alameda 1420 HBP - Grease Duct Roof Framing Clarification RFI 55 - Abbott Alameda 1420 HBP - Grease Duct Framing Clarification M0.2 Detail 4 markup ASK-12 Framing details provided in RFI 55 only accounted for the grease duct shaft, it did not include any roof framing or "
RFI-1926,Southline Office,architectural,4851.0,N/A,,,,,,,"Ref: A2.01 In the Fitness Area near gridline D and 12 there is a 5"" rain water leader that is currently conflicting with the sheathing on the inside of the exterior wall. The conflict is due to the location of the storm drain stub up in the slab ended up partially in the exterior wall by ~1"". There "
RFI-1194,Southline Office,structural,4810.0,N/A,,,,,,,"Reference: SLP1 - RFI1194 - PSD CMU Wall Brackets Removal Along G5 Confirmation Background: Per conversations with GPLA/Armando, it was discovered that areas where CMU walls abuts to a perpendicular CMU Wall, L-angle supports are not needed. Question 1: Please confirm that it is acceptable to remove"
RFI-0590,Southline Office,"architectural, interior_finishes, structural, exterior_envelope",4525.0,N/A,,,,,,,"Ref: A1.02 (B1 SI-04 dated 05.19.23); Personnel II Roof Hatch Product Data; Letter from Babcock Davis See detail 10/A1.02. In order to allow future maintenance, Please confirm that it is acceptable to have a 36"" x 36"" roof hatch at the space clouded in red. According to IBC code 711.2.2, roof hatch "
RFI-0192,Southline Office,concrete,4279.0,N/A,,,,,,,"Reference: SLP1 - RFI 0192 - B1 Elevator pit rebar conflict with waterproofing clearance Q1: As discussed on SEOR site visit on 1/6/23, the rebar splices occurring at the elevator cold joint prohibit waterproofing installation requirements (Manufacturer requires 6"" clearance, 4"" is acceptable). To a"
RFI-1349.1,Southline Office,architectural,4252.0,4,category_specific,medium,partial,Establish a checklist for confirming finishes and caulking details in architectural designs.,"This RFI highlights the need for clear specifications on finishes and installation details, which ca",,"Reference: SLP1 - RFI 1349.1 - PSD Rubber Base at Storage Rooms and Paint Confirmation SLP1 - RFI 1349 - PSD Gyp. Board Paint Color at NE/NW Storage Rooms and Elevator Control Room Confirmation Sheets A2.01, A2.02, A2.03, A2.04, A2.05 Background: Per RFI 1349.1, rubber base is to get installed at al"
RFI-1690.1,Southline Office,architectural,4252.0,N/A,,,,,,,Reference: SLP1 - RFI 1690.1 - PSD Elevator Cab Flooring Clarifications_R1 SLP1 - RFI 1690 - PSD Elevator Cab Flooring and Sill Height Clarifications Page from SLP1-1269-124813 B1 Walkoff Mats and Rubber Base Product Data Page from SLP1-1258-124813 B1 Walkoff Mats and Rubber Base Samples_RR B1 Archi
RFI-1690,Southline Office,flooring,4252.0,N/A,,,,,,,Reference: SLP1 - RFI 1690 - PSD Elevator Cab Flooring and Sill Height Clarifications Pages from SLP1 - 3324 - 142100 - 3 PSD Elevators Deferred Submittal_R1 Question 1: Please confirm elevator lobby door sills to be set at lobby finish floor elevations. Question 2: Please confirm elevator cab floor
RFI-1399,Southline Office,,4107.0,N/A,,,,,,,PSD Plumbing Housekeeping Pad Structural Detail
RFI-2016,Southline Office,,4043.0,4,narrow,medium,partial,Ensure parking stall designs are reviewed for compliance with compact and visitor stall requirements,The RFI highlights a design consideration regarding parking stall classifications that could affect ,,"Reference: SLP1 - RFI 2016 - PSD Addition of Compact and Visitor Stalls Confirmation A2.01, A2.02, A2.03, A2.04, A2.05, A2.06 ACC Issue Item #5101 Background: During the punch walk of 09.26.2024, it was noticed that the newly added pipe protections were encroaching into the parking stalls. Question "
RFI-0924,Southline Office,structural,3999.0,N/A,,,,,,,"Referenced Documents: S2.1, Detail 3/S6.1, Spec Section 032000 The SOG tie in dowels placed within footings are currently bent, which will not allow for proper SOG tie in. 1) Please confirm it is acceptable to drill and epoxy bent SOG tie in dowels located within FT-1, FT-2, and FT-3 footings. 2) Pl"
RFI-0924.1,Southline Office,"concrete, structural",3999.0,N/A,,,,,,,"Attached Documents: Marked up S2.1 Question: Per marked up S2.1, the footings highlighted in yellow show which locations have rebar bent out of position - the red line shows the side of the footing with the rebar in questions (The picture included shows the rebar that was bent the most out of all th"
RFI-143,Intuitive Surgical MOB,,3978.0,N/A,,,,,,,"Reference: Level 1 RCP/A2.31 Question: No light fixture is shown in Storage Room 1074A per Level 1 RCP/A2.31. 1. Please confirm light fixture is required in Storage Room 1074A. 2. If required, please provide light fixture type and location."
RFI-1710,Southline Office,,3937.0,4,category_specific,medium,partial,Consider specifying color-matching sealants in design documents to avoid future RFIs.,The RFI highlights the importance of specifying color-matching materials in design documents.,,Josh Richardson from the City of South San Francisco has requested the use of colored sealant for the expansion joints on the Mesa Beige concrete on the corner of Huntington and South Maple. Please confirm that the City of South San Francisco would like to add a snap cap and joint sealant which can 
RFI-0898,Southline Office,"architectural, structural",3849.0,N/A,,,,,,,"Reference: SLP1 - RFI0898 - PSD Reinforcement Detail for 6"" CMU at Bike Enclosure Confirmation Post on: S2.01, S7.22, and A4.02 Metal Panel Shop Drawings (Submittal #3056) show metal panels are to be installed in the bike enclosure CMU walls. Along gridline G2, on either side of column GB/G2, there "
RFI-135,CoreSite Data Center,structural,3671.0,N/A,,,,,,,"Per the Rev. 1 ESS duct seismic design (submittal ID: 78) , the ESS duct will be supported by supports spanning between the Corridor 262 walls due to congestion above the duct limiting access for supports attached to the level 3 deck. To support the ESS duct seismic design, DPR Drywall/FWC proposes "
RFI-191,Silicon Valley Office,,3661.0,N/A,,,,,,,"Ref: Attached RFI-191 Markup Rev1; Please refer to attached document in references. Questions: GPLA: 1) Given Tractel provided information and parameters described, please confirm proposed atrium walkway on previous page and configuration on this page is structurally acceptable. 2) Please provide de"
RFI-191.1,Silicon Valley Office,,3661.0,N/A,,,,,,,"Ref: Attached RFI-191.1 Markup; Please refer to attached document in references. Original steel erection drawings located ships ladder in incorrect location and was not aligned with atrium walkway. DPR is electing to move ships ladder to be in alignment with atrium walkway. GPLA - Question 1) GPLA, "
RFI-17.1,Intuitive Surgical MOB,architectural,3634.0,N/A,,,,,,,Reference: Level 1 Floor Plan / A2.11 Detail 3 & 8 / A6.11 Question: RFI 17 response confirmed Pantry 1071 breakroom sink is to be located on north wall to avoid coring through perimeter concrete wall for plumbing routing. Pantry 1071 sink is shown on south wall in latest drawing revision. As discus
RFI-1322,Southline Office,architectural,3633.0,N/A,,,,,,,"Ref: A7.09, SLP1 - 4149-142100-2 B1 Service Elevator Fixture Shop Drawings_R2 1) Please confirm call station fixture to be installed at 42"" AFF. 2) Please confirm hall lantern should be installed above doors, centered on opening, 3"" above door frame. 3) Please confirm call button and fire service fi"
RFI-39,Intuitive Surgical MOB,architectural,3609.0,4.5,category_specific,high,clear,Ensure fire rating requirements are verified during design and before construction begins.,The RFI highlights the importance of verifying fire rating requirements in partition design.,,The partition construction for the MDF room on level 1 is shown to be increase to a 2-hr rating. An additional sheet of drywall will need to be added to each side of the partition. The additional sheet on the outside of the room will not align with the existing walls as shown on the plan drawing unl
RFI-214,Silicon Valley Office,,3558.0,N/A,,,,,,,"Ref: Attached RFI-214 Markup ""SVOP - RFI-214 GL-C Shear Wall Elevation Issues""; North end of GL-C shear wall (including North and East facing embeds) are 1'-0"" low compared to design elevation. Full elevation discrepancy is highlighted in orange. Refer to pages 2-3 for as-built elevations. QUESTIONS"
RFI-226,Silicon Valley Office,,3558.0,N/A,,,,,,,Detail 3-S4.2.1_Field Drilling (Full Pen) of GLT MT Panels at VTR
RFI-35,Abbott Alameda Office TI,,3500.0,4,category_specific,medium,partial,Ensure door and frame specifications are verified against existing conditions in future projects.,This RFI highlights the importance of verifying door specifications against existing conditions to a,,"Reference: RFI 35 - Abbott Alameda 1420 HBP - Added Wood Doors at (E) Stairs 2 Confirmation Sheet A2.1.2 During the walk after the OAC (2/4), Forge and Abbott confirmed that existing doors at top of (E) Stair #2 were to be removed and replaced with doors to match existing heights in adjacent hallway"
RFI-1766,Southline Office,,3383.0,4,category_specific,medium,partial,Implement a checklist item to verify existing underground conditions before utility installation.,The RFI reveals a significant coordination gap regarding existing sheet piles and new utility instal,,"Reference Drawing: C6.1 & C6.2 Currently there are existing sheet piles in the ground that conflicts with the Storm Drain, Sanitary Sewer, and fire water line installation. From previous encounter the top of the sheet piles are about 3' below existing pavement(at Elevation ~35.00). Top of BART struc"
RFI-80.1,Abbott Alameda Office TI,architectural,3325.0,2,narrow,low,clear,Ensure all emergency lighting requirements are clearly defined in the design documents.,This RFI clarifies the installation requirements for emergency lighting in a specific stairwell.,,"Reference: RFI 80.1 - Abbott Alameda 1420 HBP - Added EM Power at L2 Light Fixture in Stair 2 Clarification RFI 80 - Abbott Alameda 1420 HBP - Stair 2 EM Light Fixture Change Confirmation Per the attached email conversation between Forge, MHC, and DPR, please confirm if DPR is to provide EM (battery"
RFI-168.1,CoreSite Data Center,structural_steel,3290.0,N/A,,,,,,,RFI 168 submitted prior to issuance of phase 3 chiller XFMR support steel delegated design by Systecon. See referenced attachment for chiller XFMR support steel delegated design for requested connection detail reference. 1/AB1 from the XFMR platform steel shop drawings provides a detail for the MCP 
RFI-168,CoreSite Data Center,,3290.0,N/A,,,,,,,1/AB1 from the XFMR platform steel shop drawings provides a detail for the MCP steel column anchorage. This won't work with current site conditions as the mat slab at the MCP yard is existing without anchor rods in place. We suggest using an epoxy anchor. Please advise and provide connection detail.
RFI-88,Intuitive Surgical MOB,architectural,3232.0,N/A,,,,,,,"Reference: Floor 1 Floor Plan/A2.11 Question: Drawings show an existing 2-hour rated partition between Trash 1033 and Exit Passageway 1032. In the field, existing wall is not full height. Please confirm existing wall separating Trash 1033 from Exit Passageway 1032 is to be a full height - 2 hour rat"
RFI-1329,Southline Office,,3117.0,N/A,,,,,,,"PSD - Tier 6 Exit Signs, Camera, and Call Box Coordination"
RFI-1735,Southline Office,architectural,3076.0,N/A,,,,,,,"Referenced Documents: 08/A8.10, 2&3/A8.02, 19/A8.01, 18/A8.01, 6/A5.31, 8/A8.10, RFI 1585 B2 Glulam Exterior Column Attachment Detail, Submittal 4142 Question: Per details on sheets A8.10 and A8.01 and RFI 1585 addressing the (4) Exterior Glu-Lam columns, we currently have no waterproofing details a"
RFI-154,Silicon Valley Office,,3070.0,N/A,,,,,,,"Crestmark: Countertop ( Cafe 105, Mothers Room 117, and Coffee bar 139/244"
RFI-2130,Southline Office,,2962.0,4.5,category_specific,high,clear,Ensure waterproofing measures are verified and documented for all CMU walls exposed to weather.,The RFI highlights the need for proper waterproofing on exposed CMU walls to prevent moisture intrus,,"South CMU Wall of Electrical Room 503 is exposed on back side to Ramp from Tier 5 to Tier 6. Wind driven rain hits the wall, and is able to saturate through CMU blocks, seeping into inside of electrical room. Per drawings, no sealer is currently installed at CMU. Per input from Sherwin Williams Repr"
RFI-103,Intuitive Surgical MOB,architectural,2870.0,N/A,,,,,,,"Reference: RCPs: A2.32 & A2.33, Electrical Drawings: E2.3.1, E3.2, E3.3., and Enlarged Plans: A5.14 Question 1: The drawings do not provide a callout for the ceiling height in the new men's urinal restrooms in level 2 (2006) and level 3 (3006). Please confirm if the ceiling height will match with th"
RFI-2029,Southline Office,,2825.0,4,category_specific,medium,partial,Ensure thorough site analysis and coordination of existing structures with new designs to avoid conf,This RFI highlights the importance of coordinating new construction with existing site elements to p,,"Reference Drawing: C6.6 Currently there is an existing SDMH-12 that is to remain in place and adjusted to grade. However, the footing of the BART bioretention retaining wall overlaps with SDMH-12, spanning 4'-6"". This creates a conflict between the wall footing and the existing structure. Please adv"
RFI-1865,Southline Office,architectural,2744.0,4,category_specific,medium,partial,Ensure cleanable surface finishes are specified for all structural elements in future designs.,Clarification on surface finishes for Glu-Lam columns highlights the need for detailed specification,,"Referenced Documents: A4.03 Question: The (2) Glu-Lam Columns in the Modular Bar Area on Gridlines 4-B and 5-B currently do not have a cleanable surface or finish specified. The stainless steel is to run from top of modular bar to the column base plate and should have a return of 2"" on the sides of "
RFI-106.1,Silicon Valley Office,,2730.0,N/A,,,,,,,"C) Where does FFSAM terminate? Does FFSAM run under the door and ontop of concrete (as drawn in purple)?
flashing required under the door?
(is it same width of door frame?"
RFI-104,Intuitive Surgical MOB,architectural,2635.0,N/A,,,,,,,"Reference: RCPs Level 2 & 3/A2.32-A2.33 Question: The RCPs call for a hard lid ceiling in wellness rooms 2034 & 3054. Above this hard lid ceiling, we have an FCU. DPR is suggesting the installing of an ACT ceiling in these rooms instead. This would provide easier access to above-ceiling utilities. I"
RFI-1693,Southline Office,,2453.0,4,category_specific,medium,partial,Ensure waterproofing details are reviewed and clarified during the design phase for similar attachme,Clarification of waterproofing details at canopy attachment is crucial for preventing potential wate,,"Referenced Details: A4.20, Submittal 4389 BTM Metal Panel Shop Drawings 6/4.70 Question: Per coordination held with MCA/Alliance/DES on 05/22/24, additional clarification is needed at the main entry canopy coping attachment condition due to potential waterproofing concerns. Please advise on the acce"
RFI-335,Silicon Valley Office,metal_fabrication,2354.0,N/A,,,,,,,"Ref: Attached Lee's Imperial Welding RFI-018; Questions: Due to designed span of ladder, ladder manufacturer requires adding mid-span support to the ladder. 1) Please confirm acceptable to have mid-span support from ships ladder to roof. 2) Please confirm ships ladder is to be aluminum per project s"
RFI-1551,Southline Office,architectural,2162.0,4,category_specific,medium,partial,Establish a checklist item for color and finish specifications in future submittals.,This RFI highlights the need for clear specifications on color matching to avoid aesthetic inconsist,,"Referenced Documents: A9.51, Submittal 4570-05-7000-1 B2 GS Wire Mesh Sample Question: Per Bar Drum Mockup review between DES/DPR, please provide paint color/control sample and spec to match the Bar Drum steel to the Mesh powder coat finish and color."
RFI-1551.1,Southline Office,architectural,2162.0,N/A,,,,,,,"Referenced Documents: 4464 PT-1 Submittal, 4467 Black Powder Coat Samples, 4570 Bar Drum Mesh Sample, RFI 1551, A9.51 Question: Please confirm it is acceptable to paint the bar drum steel and the 18 ga cylinder black with approved PT-1 color. See shade match comparison to bar drum mesh and black pow"
RFI-0509,Southline Office,"architectural, fire_protection, other, masonry",2030.0,N/A,,,,,,,"Ref: FP0.04, FP1.01 (B1 FP Drawing dated 04.07.23); Email Correspondence with Jonathan Chen/DES dated 05.03.23, A1.03 (B1 PCR #2 dated 01.10.23); Sketch 1 Per email correspondence, it is acceptable to have (3) 8"" penetrations on the north wall of the generator yard for fire water line and slab in th"
RFI-66,Abbott Alameda Office TI,,1941.0,4,narrow,medium,partial,Ensure all design changes that affect fire safety systems are reviewed for compliance.,The RFI highlights the need for careful review of design changes affecting fire safety systems.,,"Reference: RFI 66 - Abbott Alameda 1420 HBP - FEC Relocation and Access Panel Confirmation A2.1.1 Attached Pictures Due to the stair redesign, the existing FEC will need to be relocated. Additionally, since fire sprinklers are being added under the stairs, a new access panel and service light will n"
RFI-2032,Southline Office,plumbing,1907.0,N/A,,,,,,,"During punch walk, it was observed that condensate piping to floor drain located at the West side of the room was a potential hazard. It interrupted walking / cart paths, exposing users and piping to potential damage. Based on input from plumbing team, this floor sink is not needed in plumbing desig"
RFI-1364,Southline Office,"architectural, structural",1648.0,4.5,category_specific,medium,partial,Ensure that all threshold details are reviewed and confirmed during design to prevent similar issues,Clarification on threshold curb details is essential to avoid construction delays and ensure complia,,"Referenced Documents: A2.01, A2.01S, A9.22 Question: Per A2.01S, interior walk off mats were shown to be depressed 2"" from back of walk off mat to face of slab for all locations. This did not take into account the curbs required for the storefront thresholds at the perimeter of the building. Please "
RFI-1505,Southline Office,architectural,1435.0,4,narrow,medium,partial,Ensure AED placement is verified against local codes and standards during design phase.,This RFI highlights the importance of confirming AED specifications and locations to ensure complian,,"Ref A2.01 & 3/12/24 DNK/DES email/markup: 1. Please confirm AED is OFOI. 2. Please confirm desired location of the AED is 5'-0"" from finish of Service Corridor 118 north finish to centerline of AED. 3. Please provide height to centerline of AED."
RFI-1723,Southline Office,flooring,1311.0,N/A,,,,,,,B1 - Lobby Stone Extents at Southeast Corner
RFI-1130,Southline Office,architectural,975.0,4.5,category_specific,medium,clear,Ensure non-metallic paint specifications are included in project guidelines for antennas.,Clarification on paint specifications for antennas is crucial for compliance and future project guid,,"Reference: SLP1 - RFI1130 - B1 ERCCS Antenna Paint Confirmation Email Correspondence between DPR/HETNET/DES Background: Per multiple conversations and discussions, it was confirmed that the B1 ERCCS antenna would get field painted. Per Sprig's subcontractor, HETNET, the ERCCS antenna can be painted "
RFI-1040,Southline Office,other,840.0,N/A,,,,,,,"Ref: 3/TC4.00 (B1 SI-06 dated 10.12.23) In B1 MPOE Room, the underground conduits are installed on the east wall instead of west wall, see mark up on 3/TC4.00. In order to accommodate all cables coming from one path, we will upsize the overhead ladder rack from 12"" to 18"". Please confirm that this i"
RFI-1697,Southline Office,architectural,803.0,N/A,,,,,,,Referenced Documents: Sheet Note 5 on A10.01 Question: Sheet Note 5 on A10.01 calls to install frosted glass film on interior of all glass sidelites. Please provide specifications for the window film and markup extents on the attached elevations.
RFI-1648,Southline Office,architectural,661.0,N/A,,,,,,,"Referenced Documents: MAWD Finish Schedule, A10.00, A10.01, A9.71, A9.76, A9.78, A9.81 Question: SI-06 does not currently capture all of the paint submittals requested and approved per the interior redesign/ MAWD finish schedule. SI-06 currently only captures P-1, P-2, P-5, P-7, WB-1, PT-1 on the fi"
RFI-2022,Southline Office,architectural,627.0,N/A,,,,,,,"Ref: A10.01, Submittal #4871 This a confirming RFI to extend tile flooring at door openings for the Janitors Rm 112 and adjacent Electrical Closet to allow for door hardware to function properly. Schluter Reno will be provided at Janitors Rm and Schluter Scheine will be provided at Electrical closet"
RFI-115,Intuitive Surgical MOB,interior_finishes,580.0,N/A,,,,,,,"Reference: RCP Level 2/Attach Photo Question: Per discussion during our site walk on 9/25, please confirm approval to drop ceiling height 6 inches to provide enough room clearance for overhead utilities."
RFI-97,Abbott Alameda Office TI,mechanical,431.0,4,category_specific,medium,partial,Ensure thorough verification of existing mechanical systems and their configurations during preconst,The RFI highlights the need for careful verification of existing mechanical systems to avoid coordin,,Reference: RFI 97 - Abbott Alameda 1420 HBP - Phase 1B Mechanical Existing Conditions Confirmations ACCO RFI 010 M1.2 and M1.3 Markups A site survey was conducted on (9/22) to verify existing conditions and below were the findings/assumptions (see attached markup). 1. ACCO has provided suggestions o
RFI-1652,Southline Office,architectural,265.0,4.5,category_specific,medium,clear,Ensure all kitchen areas have non-absorbent surfaces to meet health department standards.,"The RFI confirms the need for non-absorbent surfaces in kitchen areas, which is a significant design",,"Referenced Documents: A2.01, A10.01 Question: Per meeting between DPR/health department on 05/07/24, the Glu-lam columns in the kitchen need to have a cleanable non-absorbative surface. Please confirm it is acceptable to clad these columns with FRP in the kitchen locations only."
