{
  "num_tasks": 30,
  "total_labeled": 300,
  "results": {
    "BM25": {
      "P@3": 0.23333333333333334,
      "R@3": 0.11944444444444444,
      "Hit@3": 0.26666666666666666,
      "P@5": 0.23333333333333334,
      "R@5": 0.11944444444444444,
      "Hit@5": 0.26666666666666666,
      "P@10": 0.23333333333333334,
      "R@10": 0.11944444444444444,
      "Hit@10": 0.26666666666666666,
      "MRR": 0.26666666666666666,
      "NDCG@5": 0.16708128283781837,
      "NDCG@10": 0.16708128283781837
    },
    "Keywords": {
      "P@3": 0.16666666666666666,
      "R@3": 0.11666666666666667,
      "Hit@3": 0.2,
      "P@5": 0.15833333333333333,
      "R@5": 0.11666666666666667,
      "Hit@5": 0.2,
      "P@10": 0.15833333333333333,
      "R@10": 0.11666666666666667,
      "Hit@10": 0.2,
      "MRR": 0.18333333333333332,
      "NDCG@5": 0.13493477058567357,
      "NDCG@10": 0.13493477058567357
    },
    "Embeddings": {
      "P@3": 0.2,
      "R@3": 0.09999999999999999,
      "Hit@3": 0.2,
      "P@5": 0.2,
      "R@5": 0.09999999999999999,
      "Hit@5": 0.2,
      "P@10": 0.2,
      "R@10": 0.09999999999999999,
      "Hit@10": 0.2,
      "MRR": 0.2,
      "NDCG@5": 0.13842599030398978,
      "NDCG@10": 0.13842599030398978
    },
    "Hybrid (BM25+Emb)": {
      "P@3": 0.2,
      "R@3": 0.09999999999999999,
      "Hit@3": 0.2,
      "P@5": 0.2,
      "R@5": 0.09999999999999999,
      "Hit@5": 0.2,
      "P@10": 0.2,
      "R@10": 0.09999999999999999,
      "Hit@10": 0.2,
      "MRR": 0.2,
      "NDCG@5": 0.13842599030398978,
      "NDCG@10": 0.13842599030398978
    },
    "Full Hybrid": {
      "P@3": 0.2,
      "R@3": 0.10833333333333332,
      "Hit@3": 0.2,
      "P@5": 0.2,
      "R@5": 0.10833333333333332,
      "Hit@5": 0.2,
      "P@10": 0.2,
      "R@10": 0.10833333333333332,
      "Hit@10": 0.2,
      "MRR": 0.2,
      "NDCG@5": 0.14585156172976835,
      "NDCG@10": 0.14585156172976835
    }
  },
  "best_by_metric": {
    "P@5": {
      "approach": "BM25",
      "score": 0.23333333333333334
    },
    "MRR": {
      "approach": "BM25",
      "score": 0.26666666666666666
    },
    "NDCG@10": {
      "approach": "BM25",
      "score": 0.16708128283781837
    }
  }
}